Razao_Social;UF;Total_Despesas;Media_Trimestral;Desvio_Padrao;Contagem
AMIL ASSISTÃNCIA MÃDICA INTERNACIONAL S.A.;SP;530831138927.85;719283386.0810975;2393501218.793579;738
NOTRE DAME INTERMÃDICA SAÃDE S.A.;SP;248128293336.18;614178943.9014356;1601209959.1787477;404
HAPVIDA ASSISTENCIA MEDICA S.A.;CE;208446670388.01;194992208.03368568;773625666.8631139;1069
UNIMED NACIONAL - COOPERATIVA CENTRAL;SP;200391683236.8;254304166.54416242;825962348.0230255;788
CAIXA DE ASSISTÃNCIA DOS FUNCIONÃRIOS DO BANCO DO BRASIL;DF;183362443547.7;625810387.5348123;1557891138.545582;293
UNIMED BELO HORIZONTE COOPERATIVA DE TRABALHO MÃDICO;MG;133440293433.63;118824838.32024044;481948323.8020644;1123
PREVENT SENIOR PRIVATE OPERADORA DE SAÃDE LTDA;SP;133095140043.12;515872635.82604647;1121540883.917499;258
GEAP AUTOGESTÃO EM SAÃDE;DF;95948765169.53;256547500.45328876;673548255.4676174;374
UNIMED PORTO ALEGRE - COOPERATIVA MÃDICA LTDA.;RS;85048934721.03;90961427.509123;339375473.43358886;935
UNIMED-RIO COOPERATIVA DE TRABALHO MEDICO DO RIO DE JANEIRO;RJ;82226905295.2;273179087.3594684;806935809.8748033;301
UNIMED CURITIBA - SOCIEDADE COOPERATIVA DE MÃDICOS;PR;77482713578.5;94376021.41108404;323793037.85369706;821
UNIMED CAMPINAS - COOPERATIVA DE TRABALHO MÃDICO;SP;74393359436.65;68376249.48221506;293268146.9467219;1088
UNIMED DE FORTALEZA SOCIEDADE COOPERATIVA MÃDICA LTDA.;CE;63068052416.14;82119859.91684896;272001694.6227127;768
UNIMED GOIANIA COOPERATIVA DE TRABALHO MÃDICO;GO;54722532027.08;98069053.81197134;302308780.8465061;558
FUNDAÃÃO SAÃDE ITAÃ;MG;52783037504.47;236695235.4460538;416424404.7422219;223
OMINT SERVIÃOS DE SAÃDE S.A.;SP;52445730905.15;129495631.8645679;352670851.7186309;405
UNIMED VITORIA COOPERATIVA DE TRABALHO MEDICO;ES;46600793389.14;61886843.810278885;205171491.65051645;753
CARE PLUS MEDICINA ASSISTENCIAL LTDA.;SP;44933267081.45;303603155.9557432;553003727.8558462;148
GRUPO HOSPITALAR DO RIO DE JANEIRO LTDA;RJ;44329154245.91;99840437.4907883;302769347.6807183;444
UNIMED BELÃM COOPERATIVA DE TRABALHO MÃDICO;PA;39384351010.18;82222027.16112734;214962167.7372343;479
FUNDAÃÃO CESP;SP;39110198017.92;125353198.7753846;301478605.35230947;312
UNIMED RECIFE COOPERATIVA DE TRABALHO MÃDICO;PE;36835263247.37;108339009.55108824;223445357.1955741;340
UNIMED CUIABA COOPERATIVA DE TRABALHO MÃDICO;MT;34052138868.72;35844356.70391579;135361265.10022074;950
UNIMED GRANDE FLORIANÃPOLIS-COOPERATIVA DE TRABALHO MEDICO;SC;33491955483.170002;24181917.316368233;100215520.87051637;1385
UNIMED DO ESTADO DE SÃO PAULO - FEDERAÃÃO ESTADUAL DAS COOP. MÃDICAS;SP;31856988902.86;86567904.62733696;211416606.37034294;368
UNIMED DO EST. DO RJ FEDERAÃÃO EST. DAS COOPERATIVAS MÃDICAS;RJ;31374675737.74;162563086.72404146;407941171.5266809;193
ASSOCIAÃÃO PETROBRAS DE SAÃDE - APS;RJ;30783157043.34;192394731.520875;635965210.7876829;160
UNIMED SAO JOSÃ DO RIO PRETO - COOP. DE TRABALHO MÃDICO;SP;28661690262.010002;41538681.53914493;128468026.17551102;690
UNIMED NATAL SOC. COOP. DE TRAB. MÃDICO;RN;28571277050.28;49091541.323505156;146296099.71838507;582
CAIXA BENEFICENTE DOS FUNCIONARIOS DO BANCO DO ESTADO DE SÃO PAULO;SP;27411936722.26;71947340.4783727;184990668.15745646;381
FUNDAÃÃO ASSISTENCIAL DOS SERVIDORES DO MINISTÃRIO DA FAZENDA;DF;26821517618.18;87366506.89960912;218800455.11596885;307
UNIMED-SÃO GONÃALO - NITERÃI - SOC.COOP.SERV.MED E HOSP LTDA;RJ;26035468609.54;42892040.542899504;128220008.09457774;607
UNIMED SERRA GAUCHA/RS COOPERATIVA DE ASSISTENCIA A SAUDE LTDA;RS;25197515182.19;35094032.2871727;112968152.53404738;718
UNIMED SOROCABA COOPERATIVA DE TRABALHO MÃDICO;SP;24202921834.579998;65768809.33309782;158527555.20359534;368
UNIMED JOAO PESSOA - COOPERATIVA DE TRABALHO MÃDICO;PB;23899986186.81;71987910.20123494;176604355.87736565;332
UNIMED DE LONDRINA COOPERATIVA DE TRABALHO MÃDICO;PR;23719150085.95;38072472.048073836;110423530.31297539;623
BRADESCO SAÃDE - OPERADORA DE PLANOS  S/A;SP;23645737379.14;319536991.61;666898571.1407626;74
NOTRE DAME INTERMÃDICA MINAS GERAIS SAÃDE S.A.;CE;23625436948.1;44242391.288576774;137044965.41291788;534
SAMEDIL SERVIÃOS DE ATENDIMENTO MÃDICO S/A;ES;22249032359.96;87594615.59039369;170851231.8378226;254
UNIMED MACEIO COOPERATIVA DE TRABALHO MÃDICO;AL;21530678032.33;24273594.173990984;91947425.02958432;887
HUMANA SAÃDE NORDESTE LTDA. ;PI;21280888321.56;38552333.91586957;111422233.96741335;552
CLINIPAM CLINICA PARANAENSE DE ASSISTENCIA MEDICA LTDA;CE;20947209677.12;30895589.494277284;93565883.66525991;678
UNIMED CAMPO GRANDE MS COOPERATIVA DE TRABALHO MÃDICO;MS;20465921301.94;33883975.665463574;96450783.88011004;604
CAIXA DE ASSISTENCIA DOS SERVIDORES DO ESTADO DE MATO GROSSO DO SUL;MS;20336023246.03;137405562.47317567;252203886.15556782;148
SANTA HELENA ASSISTÃNCIA MÃDICA S/A.;SP;19900199063.1;46279532.70488372;112265237.34508593;430
UNIMED REGIONAL MARINGÃ COOP.DE TRABALHO MÃDICO;PR;19745854063.28;30756782.030031152;90962997.22321332;642
SUL AMÃRICA PARANÃ CLÃNICAS SERVIÃOS DE SAÃDE S.A.;SP;19236613686.96;83275383.92623377;428939590.53909504;231
ODONTOPREV S/A;SP;18528004976.329998;98553217.95920211;191199079.09866053;188
UNIMED DE RIBEIRAO PRETO - COOPERATIVA DE TRABALHO MÃDICO;SP;18093048986.33;38414116.74380043;92471724.51830705;471
UNIMED BLUMENAU - COOPERATIVA DE TRABALHO MEDICO;SC;17671791671.8;19789240.393952966;68212372.82230826;893
UNIMED UBERLÃNDIA COOPERATIVA REGIONAL TRABALHO MÃDICO LTDA;MG;17234591137.61;25877764.470885888;79929511.68118018;666
UNIMED DE SANTOS COOP DE TRAB MEDICO;SP;17167064786.86;27913926.48269919;93446609.63518085;615
ASSOCIAÃÃO DE BENEFICÃNCIA E FILANTROPIA SÃO CRISTOVÃO;SP;16256826285.25;49263109.95530303;118363965.62069525;330
FUNDAÃÃO SÃO FRANCISCO XAVIER;MG;15928544416.98;40530647.37145038;99597623.59406094;393
CENTRO TRASMONTANO DE SAO PAULO;SP;15891665541.73;100580161.65651898;151145102.09885713;158
UNIMED DO ESTADO DE SANTA CATARINA FED. EST. DAS COOP. MÃD.;SC;15772902430.06;15079256.625296367;55979421.13305846;1046
UNIMED DE JOINVILLE COOPERATIVA DE TRABALHO MÃDICO;SC;15298581955.39;29084756.569182508;74589667.65887481;526
UNIMED SAO JOSE DOS CAMPOS - COOPERATIVA DE TRABALHO MEDICO;SP;14598710686.4;20648812.85205092;65448306.001076326;707
UNIMED DE PIRACICABA SOCIEDADE COOPERATIVA DE SERVIÃOS MÃDICOS;SP;14482826457.07;14540990.41874498;52901581.95239627;996
UNIMED DO ESTADO DO PARANÃ FEDERAÃÃO ESTADUAL DAS COOPERATIVAS MÃDICAS;PR;14448232243.9;16089345.483184855;59880256.60543979;898
UNIMED DIVINOPOLIS - COOPERATIVA DE TRABALHO MEDICO LTDA;MG;13826597374.56;19044899.964958675;64742458.25928269;726
UNIMED SERGIPE - COOPERATIVA DE TRABALHO MÃDICO;SE;13668362685.58;21869380.296928;72310442.04745573;625
SAMP ESPIRITO SANTO ASSISTENCIA MEDICA SA;ES;13608445514.27;23342102.082795884;71910574.31773426;583
UNIMED DE CASCAVEL COOPERATIVA DE TRABALHO MÃDICO;PR;13502310222.31;17288489.401165172;57911761.18156738;781
UNIMED JUIZ DE FORA COOPERATIVA DE TRABALHO MÃDICO LTDA;MG;13401686243.5;14874235.56437292;49661004.375035584;901
UNIMED DE BAURU COOPERATIVA DE TRABALHO MÃDICO;SP;13240114418.12;10933207.611990092;43730934.75099436;1211
UNIMED - COOPERATIVA DE SERVIÃOS DE SAÃDE DOS VALES DO TAQUARI E RIO PARDO LTDA.;RS;13190757333.09;19658356.681207154;57682140.86597223;671
CEMIG SAÃDE;MG;13115292124.77;53972395.57518519;125115125.81478386;243
UNIMED TERESINA - COOPERATIVA DE TRABALHO MÃDICO;PI;13076235271.74;26795564.081434425;75955158.48561643;488
UNIMED LITORAL COOPERATIVA DE TRABALHO MÃDICO LTDA;SC;12706729124.28;18549969.52449635;55897522.81404634;685
PASA - PLANO DE ASSISTENCIA A SAUDE DO APOSENTADO DA VALE;RJ;12109632273.02;44684989.93734317;113006362.93045102;271
SINDIFISCO NACIONAL - SINDICATO NACIONAL DOS AUDITORES-FISCAIS DA RECEITA FEDERAL DO BRASIL;DF;11899962924.87;33999894.07105715;83120522.13865195;350
UNIMED SÃO CARLOS - COOPERATIVA DE TRABALHO MÃDICO;SP;11452706022.9;22589163.753254436;59447985.89102735;507
UNIMED DE VOLTA REDONDA COOPERATIVA DE TRABALHO MÃDICO;RJ;10898859096.39;17866982.125229508;53041448.20145095;610
UNIMED DE PRESIDENTE PRUDENTE COOPERATIVA DE TRAB. MÃDICO;SP;10770695312.9;14673971.815940054;50710517.09435002;734
POSTAL SAÃDE CAIXA DE ASSISTÃNCIA E SAÃDE DOS EMPREGADOS DOS CORREIOS;DF;10594211637.5;51932409.9877451;228410014.4710042;204
UNIMED VALE DO SINOS - COOPERATIVA DE ASSISTÃNCIA Ã SAÃDE LTDA;RS;10156801958.8;21564335.369002122;56318762.473940805;471
ASSOCIAÃÃO SANTA CASA SAÃDE DE SÃO JOSÃ DOS CAMPOS;SP;9952585261.72;46291094.24055814;101207015.82491876;215
UNIMED DE MACAÃ COOPERATIVA DE ASSISTÃNCIA Ã SAÃDE;RJ;9886190153.58;16313845.137920791;44098698.99572391;606
CAIXA DE ASSISTÃNCIA DOS FUNCIONÃRIOS DO BANCO DO NORDESTE DO BRASIL;CE;9874947315.12;27738616.053707868;73883750.11911419;356
PLANO HOSPITAL SAMARITANO LTDA;SP;9793424871.78;54107319.73359116;107323516.54084453;181
UNIMED JUNDIAI - COOPERATIVA DE TRABALHO MÃDICO;SP;9699758951.49;15396442.780142857;46787461.99397898;630
FUNDAÃÃO CHESF DE ASSISTÃNCIA E SEGURIDADE SOCIAL;PE;9588824570.75;40289178.86869748;91475845.673608;238
UNIMED CARUARU-COOPERATIVA DE TRABALHO MEDICO;PE;9476085581.68;22833941.1606747;57805469.78786259;415
UNIMED NORTE DO MATO GROSSO COOPERATIVA DE TRABALHO MÃDICO;MT;9392010981.3;20025609.768230274;55423614.84056561;469
UNIMED UBERABA COOPERATIVA DE TRABALHO MEDICO LTDA.;MG;9342068736.57;10837666.74776102;35843282.92890188;862
UNIMED NOVA FRIBURGO-SOC.COOP.SERV.MED.HOSP.LTDA.;RJ;9294602555.17;16991960.79555759;44211853.70912471;547
INSTITUTO CURITIBA DE SAÃDE;PR;9210972218.6;63088850.81232877;115363016.91488431;146
UNIMED NOVA IGUACU COOPERATIVA DE TRABALHO MEDICO;RJ;9196711740.24;26812570.671253644;66890773.129723065;343
UNIMED SUL CAPIXABA COOPERATIVA DE TRABALHO MÃDICO;ES;9124335707.22;13618411.503313432;42424528.1194329;670
CENTRO CLÃNICO GAÃCHO LTDA;CE;8856777269.47;16870051.94184762;46663278.49117499;525
CAIXA DE PREVIDÃNCIA E ASSISTÃNCIA DOS SERVIDORES DA FUNDAÃÃO NACIONAL DE SAÃDE - CAPESESP;RJ;8770597073.52;51591747.49129412;102926495.83476527;170
UNIMED DE SANTA BÃRBARA D'OESTE E AMERICANA - COOP DE TRABALHO MÃDICO;SP;8655798145.44;12804435.126390534;39089856.58158492;676
UNIMED DE MARILIA COOPERATIVA DE TRABALHO MÃDICO;SP;8504996239.11;8297557.30644878;33543429.667613156;1025
FUNDAÃÃO COPEL DE PREVIDÃNCIA E ASSISTÃNCIA SOCIAL;PR;8402499585.79;27915281.01591362;66368408.31384665;301
ASSOCIAÃÃO ASSISTENCIAL DE SAÃDE SUPLEMENTAR CRUZ AZUL SAÃDE;SP;8305346167.64;69792824.93815127;107819709.00926718;119
UNIMED VALE DO SÃO FRANCISCO COOPERATIVA DE TRABALHO MÃDICO;PE;8292078897.94;20373658.225896806;50404809.89348731;407
MEDISERVICE OPERADORA DE PLANOS DE SAÃDE S.A.;SP;8260474663.81;46407161.03264045;104752297.05545032;178
UNIMED DE ARARAQUARA - COOP. DE TRAB. MÃDICO;SP;8228818682.4;22240050.492972974;48794420.71130396;370
HUMANA SAÃDE LTDA.;PR;8149471509.3;13978510.30754717;42506003.774766386;583
UNIMED DE CRICIÃMA COOPERATIVA DE TRABALHO MÃDICO DA REGIÃO CARBONÃFERA;SC;8061760267.66;7934803.413051181;30201281.36823812;1016
UNIMED REGIONAL DA BAIXA MOGIANA - COOPERATIVA DE TRABALHO MÃDICO;SP;8044642324.4;11830356.359411765;41432771.296632096;680
UNIMED DO CEARÃ - FEDERAÃÃO DAS SOCIEDADES COOPERATIVAS MÃDICAS DO ESTADO DO CEARÃ LTDA.;CE;7986437092.1;25434513.032165606;57101359.717134655;314
UNIMED CAMPINA GRANDE - COOPERATIVA DE TRABALHO MEDICO LTDA;PB;7964020267.16;30166743.436212122;64388205.92152303;264
ASSOCIAÃÃO SANTA SAÃDE;SP;7891383735.56;35072816.60248889;62741637.29496699;225
METRUS INSTITUTO DE SEGURIDADE SOCIAL;SP;7874400290.54;30639689.846459143;75949956.11723915;257
SOBAM CENTRO MÃDICO HOSPITALAR S.A.;SP;7781769019.69;18310044.752211764;53091315.333795406;425
UNIMED PONTA GROSSA COOPERATIVA DE TRABALHO MEDICO;PR;7738659014.62;13918451.465143885;36557782.19991967;556
ASSOCIACAO DOS AUDITORES FISCAIS DA RECEITA ESTADUAL DE SAO PAULO;SP;7676572769.92;34735623.39330317;80900618.9004968;221
UNIMED FRANCA - SOCIEDADE COOPERATIVA DE SERVIÃOS MÃDICOS E HOSPITALARES;SP;7637082065.94;8150567.839850587;30976028.357918933;937
SERVIÃO SOCIAL DA INDÃSTRIA DO PAPEL, PAPELÃO E CORTIÃA DO ESTADO DE SÃO PAULO - SEPACO;SP;7432839282.27;54254301.33043796;75158838.63040575;137
H.B. SAÃDE S/A.;SP;7408688786.61;33222819.670896858;68239923.29546179;223
ASSOCIAÃÃO DE SAÃDE PORTUGUESA DE BENEFICÃNCIA;SP;7401004964.190001;47140159.007579625;66625690.45709246;157
PROMÃDICA - PROTEÃÃO MEDICA A EMPRESAS S.A.;BA;7343343940.5;49284187.520134225;84660761.69671431;149
UNIMED GOVERNADOR VALADARES COOP. DE TRABALHO MÃDICO LTDA.;MG;7308460855.64;13534186.769703705;36290717.23182744;540
UNIMED SANTA MARIA/RS - COOPERATIVA DE ASSISTÃNCIA Ã SAÃDE LTDA;RS;7289222535.37;11949545.13995082;35230812.97309347;610
BENSAUDE PLANO DE ASSISTENCIA MEDICA HOSPITALAR LTDA.;SP;7211500106.47;36606599.525228426;74507757.0587162;197
DOCTOR CLIN OPERADORA DE PLANOS DE SAÃDE LTDA.;RS;7192528568.58;20608964.379885387;59862195.376247674;349
ALVORECER - ASSOCIAÃÃO DE SOCORROS MÃTUOS;SP;7120962600.14;35604813.000700004;67398311.67789507;200
REAL GRANDEZA - FUNDAÃÃO DE PREVIDÃNCIA E ASSISTÃNCIA SOCIAL;RJ;7024584170.58;24998520.18;58802146.99684148;281
COOPERATIVA CENTRAL UNIMED DE COOPERATIVAS DE ASSISTÃNCIA Ã SAÃDE DO RIO GRANDE DO SUL LTDA.;RS;6881788637.3;9665433.479353933;33628729.88161068;712
PLANO DE SAÃDE ANA COSTA LTDA.;SP;6691524870.48;16441093.047862407;47718441.07122813;407
SAMEL PLANO DE SAÃDE LTDA;AM;6577295724.48;45049970.715616435;80858813.88168624;146
COOPERATIVA DE TRABALHO MÃDICO DE POUSO ALEGRE;MG;6574655052.91;10604282.343403226;32984662.52762632;620
UNIMED PORTO VELHO - SOCIEDADE COOPERATIVA MÃDICA LTDA;RO;6450153304.69;16370947.473832486;37606065.78258791;394
UNIMED CHAPECÃ - COOPERATIVA DE TRABALHO MÃDICO DA REGIÃO OESTE CATARINENSE;SC;6407297756.38;16386950.783580562;36331216.139778;391
CIRCULO OPERARIO CAXIENSE;RS;6404345967.68;16421399.917128205;39852121.93325372;390
UNIMED DE CAMPOS COOPERATIVA DE TRABALHO MÃDICO;RJ;6281743014.14;11785634.172870545;31802623.937636677;533
CAIXA DE ASSISTÃNCIA Ã SAÃDE - CABERJ;RJ;6215872321.46;14942000.772740385;39386118.65018509;416
AUSTACLINICAS ASSISTÃNCIA MÃDICA E HOSPITALAR LTDA;SP;6177639923.74;16787065.010163043;39789143.67335106;368
CAIXA DE ASSISTÃNCIA DOS EMPREGADOS DO BANCO DO ESTADO DO RIO GRANDE DO SUL;RS;6163013312.1;19199418.417757012;47730587.289121896;321
QUALLITY PRÃ SAÃDE PLANO DE ASSISTÃNCIA MÃDICA LTDA.;DF;6159711216.15;22983997.075186566;53446909.004390195;268
UNIMED MONTES CLAROS COOPERATIVA DE  TRABALHO MÃDICO LTDA.;MG;6004178293.2699995;21993327.08157509;48975560.12246095;273
UNIMED DE GUARULHOS COOPERATIVA DE TRABALHO MÃDICO;SP;5950689421.04;11248940.30442344;30252280.506889362;529
UNIMED PATOS DE MINAS COOPERATIVA TRABALHO MÃDICO LTDA.;MG;5911953922.79;8771444.98930267;28078492.456321444;674
UNIMED ANHANGUERA COOPERATIVA DE TRABALHO MÃDICO;SP;5861347120.54;13505408.111843318;35883682.338732176;434
2CARE OPERADORA DE SAÃDE LTDA.;SP;5776937580.85;21396065.11425926;51916126.938613966;270
UNIMED RONDONOPOLIS COOPERATIVA DE TRABALHO MÃDICO LTDA;MT;5760714559.59;7016704.701084044;23693024.038322277;821
UNIMED DE BOTUCATU COOPERATIVA DE TRABALHO MÃDICO;SP;5754402015.51;15552437.879756758;37715144.862529434;370
UNIMED PETROPOLIS-RJ COOPERATIVA DE TRABALHO MÃDICO;RJ;5695552536.67;13925556.32437653;36055093.086912505;409
ALICE OPERADORA LTDA.;SP;5529953794.91;24148269.846768558;44312253.07645523;229
UNIMED DE LIMEIRA COOPERATIVA DE TRABALHO MÃDICO;SP;5515550394.09;17965962.1957329;36693102.94367265;307
UNIMED SALTO/ITU - COOPERATIVA MÃDICA;SP;5509425064.2300005;7961596.913627168;25110858.18035811;692
UNIMED DE CIANORTE - COOPERATIVA DE TRABALHO MEDICO ;PR;5478369804.38;12652124.259538107;200113344.61305696;433
ASSOCIAÃÃO DR. BARTHOLOMEU TACCHINI;RS;5475835529.43;17836597.8157329;39269094.471368425;307
UNIMED DE BEBEDOURO COOPERATIVA DE TRABALHO MÃDICO;SP;5443918660.19;14176871.510911457;32033838.863399882;384
UNIMED LESTE PAULISTA COOPERATIVA DE TRABALHO MÃDICO;SP;5407158710.52;6444766.04352801;23923989.19222053;839
UNIMED DO SUDOESTE COOPERATIVA DE TRABALHO MEDICO LTDA;BA;5402192319.42;9768883.03692586;27331490.733387657;553
BIOVIDA SAÃDE LTDA.;SP;5307530062.66;42460240.50128;66207861.68279193;125
FUNDAÃÃO CELESC DE SEGURIDADE SOCIAL - CELOS;SC;5305388121.0;17684627.07;40601180.24628139;300
UNIMED COSTA OESTE - COOPERATIVA DE TRABALHO MÃDICO;PR;5285266426.64;7818441.459526627;23430425.191063263;676
BENEFICENCIA CAMILIANA DO SUL;SP;5272388949.2;21345704.24777328;49220381.12192954;247
SÃO LUCAS SAÃDE S/A;SP;5059247794.09;21901505.60212121;48782323.59331401;231
LIFE EMPRESARIAL SAÃDE LTDA.;SP;5031593409.3;17906026.36761566;44692978.26269453;281
UNIMED VALE DO SEPOTUBA - COOPERATIVA DE TRABALHO MÃDICO;MT;5021448455.58;8871817.059328621;24558285.315067347;566
UNIMED CENTRO RONDÃNIA COOPERATIVA DE TRABALHO MÃDICO;RO;4935717019.35;9089718.267679559;25543338.820083275;543
NOSSA SAÃDE - OPERADORA PLANOS PRIVADOS DE ASSISTÃNCIA  Ã SAÃDE LTDA.;PR;4867858479.06;14795922.4287538;32093352.929590035;329
UNIMED PELOTAS/RS - COOPERATIVA DE ASSISTÃNCIA Ã SAÃDE LTDA.;RS;4707264926.5;11181151.844418053;26423855.67584983;421
PLENA SAÃDE S.A.;SP;4652549195.85;14013702.397138555;34105057.90273702;332
LIV LINHAS INTELIGENTES DE ATENÃÃO Ã VIDA S/A;SP;4648566443.99;8804103.113617424;25513459.796115376;528
CAIXA DE ASSISTÃNCIA DOS EMPREGADOS DA EMPRESA BRASILEIRA DE PESQUISA  AGROPECUÃRIA;DF;4643288704.08;22216692.364019137;39853121.452468365;209
UNIMED DE DOURADOS COOPERATIVA DE TRABALHO MÃDICO LTDA;MS;4633679110.18;11642409.824572865;26709527.900577795;398
UNIMED NOROESTE/RS - SOCIEDADE COOPERATIVA DE ASSISTÃNCIA Ã SAÃDE LTDA.;RS;4622688677.14;7222951.058031251;21266679.50254765;640
UNIMED RIO VERDE COOPERATIVA TRABALHO MEDICO;GO;4588899874.78;13739221.181976046;30849868.44485952;334
PROASA SAÃDE;DF;4546971918.55;15207263.941638798;34008203.65028945;299
ESMALE ASSISTENCIA INTERNACIONAL DE SAUDE LTDA.;AL;4472838375.16;39582640.48814159;59593967.13225726;113
LEVE SAUDE OPERADORA DE PLANOS DE SAUDE S.A;RJ;4464615239.39;13737277.659661539;30886857.253660932;325
SERMED-SAÃDE LTDA.;SP;4459485748.15;10668626.19174641;30713671.967133492;418
UNIMED DE TUBARAO - COOPERATIVA DE TRABALHO MEDICO DA REGIAO DA AMUREL;SC;4439385044.24;4448281.60745491;15437736.285665171;998
UNIMED DO CARIRI - SOCIEDADE COOPERATIVA MÃDICA LTDA;CE;4431620829.56;15022443.4900339;33274812.159885097;295
CAIXA DE ASSISTÃNCIA OSWALDO CRUZ;RJ;4426759973.87;15809857.049535714;37723122.08937535;280
UNIMED AMPARO COOPERATIVA DE TRABALHO MÃDICO;SP;4406883262.51;8557054.878660195;22425447.827609;515
UNIMED DE RIO CLARO SP COOPERATIVA DE TRABALHO MEDICO;SP;4380238559.32;4740517.921341991;18097424.77190881;924
KLINI PLANOS DE SAÃDE LTDA;RJ;4356530737.559999;26892165.046666663;45378028.77036511;162
S.P.A SAUDE- SISTEMA DE PROMOÃÃO ASSISTENCIAL;SP;4337297418.13;15435222.128576513;32786356.31600447;281
UNIMED DE OURINHOS - COOPERATIVA DE TRABALHO MÃDICO;SP;4328284502.7;10713575.501732673;26226105.305328146;404
UNIMED PATO BRANCO SOCIEDADE COOPERATIVA DE MÃDICOS;PR;4326215016.17;5752945.500226064;19789715.83624155;752
UNIMED NOROESTE CAPIXABA COOPERATIVA DE TRABALHO MÃDICO.;ES;4323892521.94;11289536.610809399;24652362.60409935;383
UNIMED DE ARACATUBA - COOPERATIVA DE TRABALHO MÃDICO;SP;4319371484.95;4762261.835667034;16284834.912688127;907
ECONOMUS INSTITUTO DE SEGURIDADE SOCIAL;SP;4282771904.4;15027269.84;30518245.63220773;285
UNIMED VALE DO AÃO COOPERATIVA DE TRABALHO MÃDICO;MG;4271882891.91;9493073.093133332;24008797.983330164;450
UNIMED REGIONAL JAU - COOPERATIVA DE TRABALHO MÃDICO;SP;4221520210.46;5598833.170371353;18212213.809844814;754
SAUDE PAS - MEDICINA E ODONTO;RS;4186770501.65;22035634.219210528;45381709.74197535;190
UNIMED PLANALTO MÃDIO/RS - COOPERATIVA DE ASSISTÃNCIA Ã SAÃDE LTDA.;RS;4182867231.63;12412068.936587537;22959587.37725767;337
FUNDAÃÃO AFFEMG DE ASSISTÃNCIA E SAÃDE - FUNDAFFEMG;MG;4178455027.62;29219965.228111885;44180338.792382486;143
ASSOCIAÃÃO DE ASSISTÃNCIA Ã SAÃDE DOS EMPREGADOS DA COPASA;MG;4157466038.49;15341203.094059039;32361139.82690704;271
UNIMED RIO BRANCO COOPERATIVA DE TRABALHO MEDICO LTDA;AC;4094901867.3;6813480.644425957;20213308.689257406;601
UNIMED ANÃPOLIS COOPERATIVA DE TRABALHO MÃDICO.;GO;4048614037.94;6406034.870158228;17507908.788423922;632
CABERJ INTEGRAL SAÃDE S.A;RJ;4043235916.81;11962236.440266272;27499119.75687641;338
SANTA CASA DE MISERICÃRDIA DE JUIZ DE FORA;MG;4034277550.46;11364162.113971831;26545626.381231237;355
FUNDAÃÃO SANEPAR DE ASSISTÃNCIA SOCIAL;PR;4011436668.13;14912403.970743494;37930498.08615292;269
OPERADORA UNIESTE DE PLANOS DE SAÃDE LTDA;RJ;3886435397.86;14447715.233680299;30305858.034191903;269
IRMANDADE DA SANTA CASA DE MISERICÃRDIA DE PIRACICABA;SP;3850046536.67;26736434.282430556;45570664.2148366;144
UNIMED MARANHÃO DO SUL - COOPERATIVA DE TRABALHO MÃDICO;MA;3819551311.18;7152717.811198502;19816696.906743202;534
UNIMED CENTRO OESTE PAULISTA - FEDERAÃÃO INTRAFEDERATIVA DAS COOPERATIVAS MÃDICAS;SP;3794317001.55;17246895.46159091;31926040.30813182;220
UNIMED PALMAS COOPERATIVA DE TRABALHO MÃDICO;TO;3791885287.21;7181600.922746212;17488620.61502066;528
UNIHOSP SAÃDE LTDA;SP;3769157692.55;22843379.954848487;41223009.90897207;165
POLICLIN SAÃDE S/A.;SP;3737235325.14;13841612.315333333;34867361.06609735;270
UNIMED FRANCISCO BELTRAO COOPERATIVA DE TRABALHO MEDICO;PR;3719086933.69;9864952.078753315;69051674.04005925;377
UNIMED DE MANAUS COOP. DO TRABALHO MÃDICO LTDA;AM;3695962821.7;13842557.384644194;28586819.18481906;267
PLANO DE SAÃDE DA SANTA CASA DE BRAGANÃA PAULISTA;SP;3663617092.81;14200066.25120155;30529334.94066872;258
UNIMED NORTE CAPIXABA- COOPERATIVA DE TRABALHO MÃDICO;ES;3661755066.32;6480982.418265487;18646396.744374044;565
UNIMED ENCOSTA DA SERRA/RS SOCIEDADE COOPERATIVA DE SERVIÃOS DE SAÃDE LTDA.;RS;3641749590.76;8712319.595119618;21224581.98782747;418
FEDERAÃÃO DAS SOCIEDADES COOPERATIVAS DE TRABALHO MÃDICO DO ACRE, AMAPÃ, AMAZONAS, PARÃ, RONDONIA E RORAIMA;AM;3603295491.2000003;46196096.041025646;83453939.75926006;78
UNIMED REGIONAL DE CAMPO MOURÃO COOP TRAB MEDICO ;PR;3595330305.58;9436562.48183727;21908622.053869624;381
MÃTUA DOS MAGISTRADOS DO ESTADO DO RIO DE JANEIRO;RJ;3569846407.12;17849232.0356;34392890.029399596;200
ABERTTA SAÃDE - ASSOCIAÃÃO BENEFICENTE DOS EMPREGADOS DA ARCELORMITTAL NO BRASIL;MG;3454417833.51;8244433.970190931;19828610.59021027;419
ASSOCIAÃÃO EVANGELICA BENEFICENTE DE LONDRINA;PR;3431039811.91;7315649.918784648;19397033.999597013;469
UNIÃO MÃDICA PLANOS DE SAÃDE S/A;BA;3417937741.94;11950831.265524475;24012127.850086324;286
CAIXA DE ASSISTENCIA A SAUDE DA UNIVERSIDADE;MG;3387848629.87;11971196.571978798;29962432.58524905;283
UNIMED VARGINHA COOPERATIVA DE TRABALHO MÃDICO;MG;3331898255.71;5939212.577023173;15857232.740688963;561
UNIMED ARARUAMA COOPERATIVA DE TRABALHO MÃDICO LTDA;RJ;3321824912.18;4965358.613124065;14579757.869021567;669
UNIMED DE CATANDUVA - COOPERATIVA DE TRABALHO MÃDICO;SP;3272910846.13;5950746.992963636;15817693.569028923;550
UNIMED CONSELHEIRO LAFAIETE COOPERATIVA DE TRABALHO MÃDICO LTDA;MG;3240363906.9;4500505.4262500005;13670568.255475642;720
SIM - CAIXA DE ASSISTÃNCIA Ã SAÃDE;SC;3182461208.06;12009287.577584906;28034768.520696033;265
UNIMED COSTA DO DESCOBRIMENTO COOPERATIVA DE TRABALHO MÃDICO;BA;3133113925.87;7235828.928106235;18430908.094112076;433
UNIMED DE ASSIS COOPERATIVA DE TRABALHO MÃDICO;SP;3090889007.73;3942460.4690433675;12869817.397393199;784
FUNDAÃAO COMPESA DE PREVIDENCIA E ASSISTENCIA - COMPESAPREV;PE;3085359284.79;13414605.586043479;31216131.628347017;230
UNIMED TEOFILO OTONI COOPERATIVA DE TRABALHO MÃDICO;MG;3072888340.78;10141545.679141914;19645806.988382548;303
UNIMED NORDESTE PAULISTA - FED. INTRAFEDERATIVA DAS COOP. MÃDICAS;SP;3069136901.23;9561174.147133956;19995284.322198257;321
UNIMED GUARAPUAVA COOPERATIVA DE TRABALHO MÃDICO;PR;3051939279.34;4938413.073365696;13406870.18924361;618
ASSOCIAÃÃO ADVENTISTA NORTE BRASILEIRA DE PREVENÃÃO E ASSISTÃNCIA A SAÃDE;PA;2996153502.21;14832443.080247525;28917218.193195358;202
IRMANDADE SANTA CASA DE MISERICÃRDIA DE MARINGÃ;PR;2987922501.28;9764452.618562093;24269728.1619993;306
UNIMED DE SÃO ROQUE - COOPERATIVA DE TRABALHO MÃDICO;SP;2965869718.33;6978516.984305882;17128105.082727775;425
SAÃDE BRB - CAIXA DE ASSISTÃNCIA ;DF;2954367522.42;8871974.541801803;21148123.146590844;333
UNIMED RESENDE COOPERATIVA DE TRABALHO MÃDICO;RJ;2861844053.94;6963124.218832117;16113075.205749685;411
UNIMED VALE DO CAÃ/RS - COOPERATIVA DE ASSISTÃNCIA Ã SAÃDE LTDA.;RS;2847320768.62;6244124.492587719;15247773.663680637;456
AMESC - ASSOCIAÃÃO MÃDICA ESPÃRITA CRISTÃ;RJ;2838586107.15;11586065.743469387;26999831.363981847;245
METLIFE PLANOS ODONTOLÃGICOS LTDA.;SP;2838340474.52;27031814.043047618;37919038.0510788;105
MED-TOUR ADMINISTRADORA DE BENEFÃCIOS E EMPREENDIMENTOS LTDA.;SP;2821267212.13;16893815.64149701;30672428.490866724;167
UNIMED BARRA DO GARÃAS - COOPERATIVA DE TRABALHO MÃDICO;MT;2800882151.08;4047517.559364162;12475923.988978859;692
UNIMED ITABIRA COOPERATIVA DE TRABALHO MÃDICO;MG;2798027405.13;10479503.39;35808420.97956031;267
ASSOCIAÃÃO DA SANTA CASA SAÃDE DE RIBEIRÃO PRETO;SP;2792077930.15;10697616.590613028;20368604.578234993;261
UNIMED POÃOS DE CALDAS - SOC. COOP. DE TRAB. E SERVIÃOS MÃDICOS;MG;2780602993.5299997;6481592.059510489;17076474.17911953;429
UNIMED NORTE FLUMINENSE COOPERATIVA DE TRABALHO MEDICO;RJ;2764132815.53;6927651.166741855;15081834.335704954;399
UNIMED LITORAL SUL/RS - COOPERATIVA DE ASSISTÃNCIA Ã SAÃDE LTDA.;RS;2759328581.78;3993239.6263096966;12444170.382203331;691
UNIMED DE BARRA MANSA SOC. COOP. SERV.MED.E HOSPIT.;RJ;2755804997.15;7676337.039415042;17644335.848623186;359
UNIMED DE PARANAGUÃ COOPERATIVA DE TRABALHO MÃDICO;PR;2740585113.37;7081615.28002584;15603031.853443269;387
LUMINAR SAÃDE - ASSOCIAÃÃO DE ASSISTÃNCIA Ã SAÃDE;DF;2731104556.52;9549316.631188812;20243165.20756708;286
HBC SAÃDE LTDA.;SP;2661538471.36;13862179.538333334;27590934.70274381;192
UNIMED EXTREMO SUL COOPERATIVA DE TRABALHO MÃDICO;BA;2606635673.14;4955581.127642585;12924818.682087488;526
IRMANDADE DA SANTA CASA DE MISERICÃRDIA DE RIO CLARO;SP;2605485499.22;6785118.487552083;17115841.58791859;384
UNIMED MISSÃES/RS - COOPERATIVA DE ASSISTÃNCIA Ã SAÃDE LTDA.;RS;2595506000.31;6269338.165;14010501.769815816;414
UNIMED DE PARANAVAÃ COOPERATIVA DE TRABALHO MÃDICO;PR;2557349873.93;5975116.527873832;13930104.787651848;428
CAIXA DE ASSISTÃNCIA DOS SERVIDORES FAZENDÃRIOS ESTADUAIS;CE;2529322258.06;17812128.577887323;32119453.301082622;142
UNIMED CURVELO COOPERATIVA DE TRABALHO MÃDICO LTDA.;MG;2525542972.96;3613080.0757653792;11382107.771263938;699
ASSOCIAÃÃO BENEFICENTE DOS PROFESSORES PÃBLICOS ATIVOS E INATIVOS DO RIO DE JANEIRO - APPAI;RJ;2486735539.61;14890631.973712577;27636995.43378415;167
UNIMED FRONTEIRA NOROESTE/RS - COOPERATIVA DE ASSISTÃNCIA Ã SAÃDE LTDA.;RS;2434969345.07;3740352.296574501;11741386.378896937;651
UNIMED METROPOLITANA DO AGRESTE - COOPERATIVA DE TRABALHO MÃDICO;AL;2431681644.3;5440003.67852349;14338752.381708292;447
UNIMED APUCARANA COOPERATIVA DE TRABALHO MÃDICO;PR;2430603503.73;6885562.333512748;15441966.418760896;353
CAIXA ASSISTENCIAL E BENEFICENTE DOS FUNCIONÃRIOS DA ACARESC;SC;2427428149.37;10418146.563819742;21586617.650796447;233
FUNDAÃÃO DE SEGURIDADE SOCIAL DA ARCELORMITTAL BRASIL - FUNSSEST;ES;2414830398.68;18433819.837251905;31244646.583837215;131
ELOSAÃDE - ASSOCIAÃÃO DE ASSISTÃNCIA Ã SAÃDE;SC;2410661548.9;8144126.854391892;16756098.559836734;296
UNIMED DE BRUSQUE COOPERATIVA DE TRABALHO MÃDICO;SC;2395965908.93;4218249.839665493;11162053.541309085;568
UNIMED DE JABOTICABAL COOP. DE TRABALHO MÃDICO;SP;2394438641.26;4500824.513646617;12438505.728631476;532
ASSOCIAÃÃO DOS SERVIDORES FISCAIS DO ESTADO DA BAHIA;BA;2390088231.37;9637452.545846773;22124711.296399593;248
UNIMED INCONFIDENTES COOPERATIVA DE TRABALHO MÃDICO LTDA.;MG;2371320109.07;4569017.551194605;12688200.447692435;519
BIO SAÃDE SERVIÃOS MÃDICOS LTDA;SP;2357417822.7400002;17859225.92984849;36940785.26958647;132
ASSOCIAÃÃO SÃO FRANCISCO VIDA;SP;2305649235.65;11414105.126980199;23899252.311935898;202
GAMA SAUDE LTDA.;SP;2302932957.41;24762719.972150534;100864247.67313589;93
UNIMED DE CATALÃO COOPERATIVA DE TRABALHO MÃDICO;GO;2301250741.94;5492245.2074940335;13440353.261058586;419
UNIMED OESTE DO PARANA - COOPERATIVA DE TRABALHO MEDICO;PR;2235213360.4;2941070.2110526315;9682435.924127677;760
UNIMED ARAXÃ COOPERATIVA DE TRABALHO MÃDICO LTDA.;MG;2207721679.42;4262010.964131274;10110049.010568244;518
ASSOCIAÃÃO PADRE ALBINO SAÃDE;SP;2200257640.95;11829342.15564516;22668154.429244276;186
CENTRAL REGIONAL DAS COOPERATIVAS MÃDICAS - UNIMED CERRADO;GO;2177662705.0;10271993.891509434;18534171.32142285;212
UNIMED REGIONAL SUL GOIAS COOP. DE TRABALHO MÃDICO LTDA;GO;2170961072.48;5899350.740434783;12849074.394856;368
OPERADORA UNICENTRAL DE PLANOS DE SAÃDE LTDA.;SP;2154322419.12;8757408.207804877;19521870.090100765;246
AMEPLAN ASSISTÃNCIA MÃDICA PLANEJADA LTDA;SP;2145312719.02;12258929.822971428;22068500.750831354;175
CAIXA DE ASSISTÃNCIA DOS EMPREGADOS DA SANEAGO;GO;2140303967.16;15622656.69459854;27361639.083879877;137
UNIMED PARÃ DE MINAS COOPERATIVA DE TRABALHO MÃDICO LTDA.;MG;2134545575.67;3895156.159981752;10619735.033540461;548
ATÃVIA SERVIÃOS DE SAÃDE S/A;SP;2133017457.51;16282576.011526717;23763649.782792773;131
ASSOCIAÃAO DOS FUNCIONARIOS PUBLICOS DO ESTADO DO RIO GRANDE DO SUL;RS;2120728166.64;10245063.606956523;22500909.90276909;207
UNIMED OS BANDEIRANTES COOPERATIVA DE TRABALHO MÃDICO;SP;2120389601.03;4031158.9373193914;11001847.627361437;526
UNIMED OESTE DO PARÃ - COOPERATIVA DE TRABALHO MÃDICO;PA;2118938454.75;14317151.721283784;24313352.916156985;148
UNIMED TRÃS RIOS COOPERATIVA DE TRABALHO MÃDICO;RJ;2099726297.7;4302717.8231557375;11369250.152986787;488
SAMI ASSISTÃNCIA MÃDICA LTDA;SP;2086958392.85;11790725.383333333;22477539.48983579;177
UNIMED SAÃDE E ODONTO S.A;SP;2080260512.29;11686856.810617978;22787516.171901427;178
UNIMED JOÃO MONLEVADE COOPERATIVA DE TRABALHO MÃDICO LTDA.;MG;2051044001.37;4439489.180454546;11890368.648605177;462
ASSOCIAÃÃO SANTA CASA SAÃDE DE ARAÃATUBA;SP;2043180358.89;5225525.2145524295;12571887.529702805;391
UNIMED ITAJUBA COOPERATIVA DE TRABALHO MEDICO;MG;2041581473.77;5833089.925057143;15163510.462344076;350
UNIMED DE CAÃAPAVA - COOPERATIVA DE TRABALHO MEDICO;SP;2036096384.16;2755204.8500135317;8499075.409184482;739
SANTA CASA DE MAUÃ SAÃDE;SP;2035688249.99;12723051.5624375;23035354.650428046;160
UNIMED DE TATUI - COOPERATIVA DE TRABALHO MÃDICO;SP;2033958628.63;3926561.0591312745;10801880.510194173;518
UNIMED BARBACENA - COOPERATIVA DE TRABALHO MÃDICO LTDA;MG;2026566864.6100001;5552237.985232877;12627002.461831804;365
UNIMED DE LINS - COOPERATIVA DE TRABALHOS MÃDICOS;SP;2013066161.44;3441138.7375042737;9576502.537870511;585
UNIODONTO DE CAMPINAS COOPERATIVA ODONTOLÃGICA;SP;2009786772.3899999;9851895.943088235;19036759.35137386;204
CAIXA DE ASSISTÃNCIA Ã SAÃDE DOS SERVIDORES PÃBLICOS DO ESTADO DO MATO GROSSO DO SUL;MS;2003650477.69;7950993.959087302;15980527.206910158;252
INTEGRA ASSISTENCIA MEDICA SA;SP;2002937378.64;21771058.463478263;39925143.24490967;92
SAÃDE SANTA TEREZA LTDA.;SP;1996583152.18;12881181.626967743;22503805.39097462;155
GARANTIA DE SAÃDE LTDA;SP;1988029118.28;13805757.765833333;23292595.57860923;144
CENTRO HOSPITALAR ATIBAIA LTDA.;SP;1973496929.7;22426101.473863635;28661386.80321779;88
CAIXA DE ASSISTÃNCIA DOS FUNCIONÃRIOS DO BANCO DA AMAZÃNIA - CASF;PA;1967471783.35;8336744.844703389;16212374.163089607;236
AGROS - INSTITUTO UFV DE SEGURIDADE SOCIAL;MG;1964585361.84;7827033.314103586;18781970.515753504;251
SISTEMAS E PLANOS DE SAÃDE LTDA.;SP;1962267610.93;10841257.518950276;21377021.343211677;181
UNIMED ALTO VALE - COOPERATIVA DE TRABALHO MÃDICO;SC;1958761867.56;2495238.0478471336;7893345.717956177;785
UNIMED ERECHIM - COOPERATIVA DE SERVIÃOS DE SAÃDE LTDA.;RS;1956026498.72;3569391.421021898;9741940.359118106;548
UNIMED NOROESTE DO PARANÃ COOP DE TRABALHO MÃDICO .;PR;1941104726.69;3754554.5970793036;9859353.153528921;517
UNIMED SÃO JOÃO DEL REI - COOPERATIVA DE TRABALHO MÃDICO;MG;1932246364.11;3803634.5750196846;10311191.981601842;508
UNIMED DE LENÃOIS PAULISTA - COOPERATIVA DE TRABALHO MÃDICO;SP;1912365163.31;4268672.23953125;10237883.416251004;448
UNIMED DE SOBRAL SOCIEDADE COOPERATIVA MÃDICA LTDA;CE;1911461544.6;6371538.482;12355532.769387465;300
UNIMED ARAGUARI COOPERATIVA DE TRABALHO MÃDICO ;MG;1903122041.46;4191898.7697356828;10698881.438406073;454
UNIMED CENTRO SUL FLUMINENSE COOPERATIVA DE TRABALHO MÃDICO;RJ;1901743987.56;4422660.436186046;10794001.415956734;430
SUL AMÃRICA ODONTOLÃGICO S/A;SP;1870867168.18;7927403.255;15400053.616589054;236
ASSOCIAÃÃO BENEFICENTE DE ASSISTÃNCIA A SAÃDE DOS JUÃZES DO TRABALHO DA 15Âª REGIÃO (ABAS 15);SP;1852330308.3799999;13520659.185255473;21692316.71697441;137
CAIXA DE ASSISTÃNCIA DOS EMPREGADOS DO SISTEMA FINANCEIRO BANESTES;ES;1820756031.46;9195737.532626262;16743223.161168275;198
UNIMED NORTE PIONEIRO - COOPERATIVA DE TRABALHO MÃDICO;PR;1803617472.02;3797089.4147789474;9593840.26419917;475
IRMANDADE DA SANTA CASA DE MISERICORDIA DE LIMEIRA;SP;1776440867.38;6483360.829854015;13717231.709579058;274
UNIMED LAVRAS COOPERATIVA DE TRABALHO MÃDICO;MG;1774896082.91;2677067.9983559577;8649318.797896637;663
UNIMED CABO FRIO COOPERATIVA TRABALHO MÃDICO LTDA.;RJ;1769921512.8700001;4999778.284943503;11034787.034248361;354
HOSPITAIS E CLÃNICAS DO PIAUÃ S/S LTDA;PI;1741171106.72;8371014.936153846;16892570.160829257;208
ELETROS SAÃDE - ASSOCIAÃÃO DE ASSISTÃNCIA Ã SAÃDE;RJ;1730733471.22;6682368.614749035;13190380.939949399;259
GOCARE PLANOS DE SAUDE LTDA;SP;1727699251.15;8951809.591450777;17336542.7530664;193
UNIMED SUL PAULISTA - COOPERATIVA DE TRABALHO MÃDICO;SP;1726591461.47;3034431.3909841827;8677842.949901927;569
PLAMED PLANO DE ASSISTENCIA MEDICA LTDA;SE;1709042582.06;13351895.17234375;20716769.15961775;128
VIVACOM PLANOS DE SAÃDE;GO;1702966318.12;5933680.550940766;13244436.30663973;287
PARANA ASSISTENCIA MEDICA LTDA;PR;1694524642.6;4424346.32532637;11427443.278177463;383
UNIMED DE PINDAMONHANGABA - COOPERATIVA TRABALHO MEDICO;SP;1678738541.57;2513081.6490568863;7331879.033276662;668
CAIXA ASSISTENCIAL UNIVERSITÃRIA DO RIO GRANDE DO NORTE;RN;1674394433.5;7576445.400452489;15643710.840479096;221
FUNDAÃÃO DE SAÃDE ITAIGUAPY;PR;1672507960.98;14418172.077413794;27783743.42374735;116
UNIMED MURIAÃ COOPERATIVA DE TRABALHO MEDICO LTDA;MG;1661687244.93;6754826.198902439;13475954.485864865;246
AMHA SAUDE S/A;SP;1658657936.45;8729778.612894736;17437416.002156354;190
CAIXA DE ASSISTÃNCIA Ã SAÃDE DO SINDICATO DOS FUNCIONÃRIOS INTEGRANTES DO GRUPO OCUPACIONAL ADMINISTRAÃÃO TRIBUTÃRIA DO ESTADO DE PERNAMBUCO;PE;1654043245.23;7318775.421371682;16420886.074009992;226
ASSOCIAÃÃO DE ASSISTÃNCIA Ã SAÃDE DA AMAGIS;MG;1631414234.43;7659221.757887324;13820623.189714378;213
UNIMED ALTA MOGIANA COOPERATIVA DE TRABALHO MÃDICO;SP;1616869261.74;3492158.232699784;8313536.389831251;463
ASSOCIAÃÃO POLICIAL DE ASSISTÃNCIA Ã SAÃDE;SP;1615007451.94;3154311.4295703126;7496610.298425471;512
FUNDACAO LEONOR DE BARROS CAMARGO;SP;1612742273.07;10540799.170392156;18260621.471667882;153
UNIMED DE TAUBATÃ COOPERATIVA DE TRABALHO MÃDICO;SP;1607900045.41;4112276.3309718673;9898988.223125005;391
UNIMED CENTRO PAULISTA - FEDERAÃÃO INTRAFEDERATIVA DAS COOPERATIVAS MÃDICAS;SP;1607734530.0;8882511.215469614;17202532.09745771;181
UNIMED ITUIUTABA COOPERATIVA TRABALHO MÃDICO LTDA.;MG;1599190254.68;2902341.660036298;8149936.501874325;551
UNIMED MEIO OESTE CATARINENSE COOPERATIVA DE TRABALHO MÃDICO;SC;1598092252.52;2266797.5213049646;6283452.259158617;705
ASSISTÃNCIA MÃDICA SÃO MIGUEL LTDA;SP;1593630703.33;10281488.408580644;18876606.66296077;155
TEMPO MED PLANO DE SAUDE LTDA;SC;1563038704.14;6302575.419919355;13725370.481888564;248
ASSOCIAÃÃO DE ASSISTÃNCIA MÃDICO HOSPITALAR DOS MAGISTRADOS DO ESTADO DO PARANÃ;PR;1546632008.79;7733160.04395;12832431.163456447;200
UNIMED CAÃADOR COOPERATIVA DE TRABALHO MÃDICO DA REGIÃO DO CONTESTADO;SC;1537592495.14;4522330.868058824;10945887.866937008;340
ASSOCIAÃÃO MINEIRA DE ASSISTÃNCIA Ã SAÃDE DOS MEMBROS DO MINISTÃRIO PÃBLICO;MG;1536913549.37;15682791.32010204;19917596.44641936;98
IRMANDADE DA SANTA CASA DE MISERICÃRDIA DE PASSOS;MG;1534823122.83;5705662.166654275;12134088.016649857;269
MATÃO CLINICAS & AMHMA SAÃDE LTDA;SP;1506635138.14;6786644.766396397;15189697.480506498;222
FUNDAÃÃO LIBERTAS DE SEGURIDADE SOCIAL;MG;1504784733.25;5412894.723920863;13920817.954614513;278
UNIMED EXTREMO OESTE CATARINENSE COOPERATIVA DE TRABALHO MÃDICO;SC;1500620653.58;2366909.5482334383;7100763.614846764;634
UNIMED DE IBITINGA COOPERATIVA DE TRABALHO MÃDICO;SP;1499454940.43;3786502.3748232326;9586394.183635749;396
UNIMED SÃO LOURENÃO COOPERATIVA DE TRABALHO MÃDICO;MG;1497525253.8799999;2659902.76;7206044.855076864;563
INSTITUIÃÃO BENEFICENTE CEL MASSOT - IBCM;RS;1489152428.28;6531370.299473684;12032366.182808805;228
OESTE SAÃDE ASSISTÃNCIA A SAÃDE SUPLEMENTAR S.A;SP;1486755043.74;6883125.2025;15151047.35279758;216
DENTAL UNI - COOPERATIVA ODONTOLÃGICA;PR;1484273147.27;8292028.755698324;13892561.847801741;179
UNIMED VALE DAS ANTAS, RS - COOPERATIVA DE ASSISTÃNCIA Ã SAÃDE LTDA.;RS;1465405625.16;2978466.717804878;7833340.478594347;492
COOPERATIVA DE TRABALHO MÃDICO DO PLANALTO NORTE DE SANTA CATARINA LTDA;SC;1464750842.71;2328697.683163752;6863518.707758864;629
COOPERATIVA DE TRABALHO MEDICO REGIÃO DO PLANALTO SERRANO;SC;1444461915.12;1683522.0455944054;5110644.526379862;858
SAMOC S.A. - SOCIEDADE ASSISTENCIAL MÃDICA E ODONTO CIRÃRGICA;RJ;1436443914.07;7681518.2570588235;13304713.432394939;187
ASSOCIAÃÃO MAIS SAÃDE SANTA CASA DE SÃO JOÃO DA BOA VISTA;SP;1428767558.75;7108296.312189055;14866601.092618672;201
UNIMED NOROESTE FLUMINENSE - COOPERATIVA DE TRABALHO MÃDICO LTDA;RJ;1407381998.98;7072271.351658291;12079015.044667855;199
UNIMED NORTE PAULISTA - COOPERATIVA DE TRABALHO MÃDICO;SP;1403245235.42;2542110.933731884;7753766.315381443;552
PRONTOMED PLANOS DE SAÃDE LTDA;MG;1401506667.46;4734819.8225;11091027.0031496;296
ASSOCIAÃÃO DE SAÃDE DOS FORNECEDORES DE CANA DE PIRACICABA E REGIÃO;SP;1400162155.13;7254726.192383421;14857667.012162983;193
SÃO FRANCISCO ASSISTÃNCIA MÃDICA LTDA;PE;1394117673.7;8398299.239156626;15106508.647401685;166
PLADISA PLANOS DE SAÃDE SA;SC;1385472031.26;5308321.958850575;12398976.120686164;261
ASSOCIAÃÃO DO PLANO DE SAÃDE DA SANTA CASA DE MISERICÃRDIA DE ITABUNA - PLANSUL;BA;1382642398.57;4533253.765803278;10016609.581028558;305
UNIMED COSTA VERDE RJ;RJ;1382463222.09;4718304.51225256;9596665.744096404;293
SANTA CASA DE MISERICORDIA DE SAO JOAQUIM DA BARRA;SP;1377608106.37;5064735.685183823;10137666.725779098;272
UNIMED DE BIRIGUI - COOPERATIVA DE TRABALHO MÃDICO;SP;1372076651.44;2669409.82770428;7042186.955833258;514
MAIS SAUDE S/A;ES;1370419461.3;9136129.742;15240532.754213404;150
UNIMED VERTENTE DO CAPARAÃ - COOPERATIVA DE TRABALHO MÃDICO LTDA;MG;1366284668.19;4269639.58809375;8958739.293271065;320
PLANO DE SAUDE ASES LTDA.;RJ;1364499569.64;6118832.150852018;13207899.259454397;223
UNIMED ITAÃNA COOPERATIVA DE TRABALHO MÃDICO LTDA.;MG;1363931920.64;2347559.2437865753;6653587.642623792;581
SÃO DOMINGOS SAÃDE- ASSISTÃNCIA MÃDICA  LTDA;SP;1351404023.59;6374547.281084905;13187937.094667776;212
UNIMED DE LORENA COOPERATIVA DE TRABALHO MÃDICO;SP;1350166702.71;2795376.1960869567;7656074.960312435;483
UNIMED MARQUES DE VALENÃA COOPERATIVA DE TRABALHO MÃDICO LTDA.;RJ;1349494628.82;3945890.7275438593;8238488.706142487;342
ASSOCIAÃÃO POLICIAL DE ASSISTÃNCIA Ã SAÃDE DE BAURU;SP;1322869188.58;7431849.374044944;14642443.92301714;178
UNIMED DE GUARATINGUETA-COOPERATIVA DE TRABALHO MÃDICO;SP;1311979651.48;4245888.839741101;9521402.527398244;309
UNIMED VALE DO JAURU COOPERATIVA DE TRABALHO MÃDICO;MT;1272133030.5;2931182.0979262674;7685876.451398387;434
AMAZÃNIA PLANOS DE SAÃDE LTDA;PA;1269818377.35;7790296.793558282;14562166.093952557;163
UNIMED DE BARRETOS COOPERATIVA DE TRABALHO MÃDICO;SP;1257186354.57;4218746.156275167;10575819.62321392;298
UNIMED ALTO DA SERRA - SOCIEDADE COOPERATIVA DE SERVIÃO MÃDICO LTDA.;RS;1250669843.35;2526605.744141414;6408090.614085502;495
SBC SAÃDE LTDA.;SP;1228998170.29;6790045.139723756;13242377.597318439;181
UNIMED DE ANDRADINA - COOPERATIVA DE TRABALHO MÃDICO;SP;1226918285.65;2519339.3955852157;6245037.092924537;487
ASSOCIAÃÃO SÃO LUIZ SAÃDE;SP;1212704429.31;9118078.415864661;15102378.345109947;133
CAIXA DE ASSISTÃNCIA Ã SAUDE DOS EMPREGADOS DA CODEVASF - CASEC;DF;1207427808.01;9507305.574881889;15991768.599118127;127
UNIMED PATROCÃNIO COOPERATIVA DE TRABALHO MÃDICO LTDA.;MG;1198686738.36;3757638.678244514;8048580.153878157;319
IRMANDADE DE MISERICÃRDIA DO HOSPITAL DA SANTA CASA DE MONTE ALTO;SP;1192713613.21;5118942.545965665;9663049.288913054;233
UNIMED ALTO SÃO FRANCISCO COOPERATIVA DE TRABALHO MÃDICO;MG;1192197250.66;2007066.0785521886;5558325.1319644;594
UNIMED GUAXUPÃ COOPERATIVA DE TRABALHO MEDICO;MG;1189867512.49;3066668.8466237113;7951040.755590683;388
GS PLANO GLOBAL DE SAÃDE LTDA;RJ;1175771745.5;5938241.138888889;12055434.697971417;198
UNIMED DE AVARÃ COOPERATIVA DE TRABALHO MÃDICO;SP;1174997189.23;2468481.4899789914;6741701.845503583;476
ASSOCIAÃÃO SAÃDE SÃO JOSÃ;SC;1153505977.56;3845019.9252;9538822.400954034;300
SULMED - ASSISTÃNCIA MÃDICA LTDA;RS;1152076627.92;3408510.7334911246;10176909.296940155;338
COOPERATIVA DE TRABALHO MEDICO DE ARAGUAÃNA - UNIMED ARAGUAÃNA;TO;1145858591.04;1423426.8211677019;4590185.714056707;805
CAIXA DE ASSISTÃNCIA SISTEMA SAÃDE INTEGRAL-SSI SAUDE;RS;1142038505.17;8853011.667984497;14552034.072783846;129
ÃNICA ASSISTENCIA MEDICA LTDA ;SP;1109601208.72;11096012.0872;16095277.607791284;100
ASSOCIAÃÃO DOS AUDITORES FISCAIS DO ESTADO DA PARAÃBA - AFRAFEP;PB;1106137846.11;7277222.671776315;13905818.52016795;152
CAIXA DE ASSISTÃNCIA AOS MEMBROS DA DEFENSORIA PÃBLICA DO ESTADO DO RIO DE JANEIRO;RJ;1105267078.57;6072896.036098901;9691495.401635503;182
UNIMED DE TUPA COOPERATIVA DE TRABALHO MÃDICO;SP;1099658851.03;2208150.3032730925;6116537.143501506;498
UNIMED REGIONAL DE TRES LAGOAS COOPERATIVA DE TRABALHO MÃDICO;MS;1088563623.8;1968469.4824593128;6372164.95293365;553
FUNDAÃÃO DE ASSISTÃNCIA E PREVIDÃNCIA SOCIAL DO BNDES;RJ;1075795605.68;16550701.625846155;45506784.78308326;65
CEAM BRASIL - PLANOS DE SAÃDE LTDA;MG;1074514144.65;4997740.2076744195;11194822.530203946;215
UNIMED GURUPI COOPERATIVA DE TRABALHO MÃDICO;TO;1058523299.28;1758344.3509634552;4827112.975431865;602
UNIMED NORTE DO PARANÃ COOPERATIVA REGIONAL DE TRABALHO MÃDICO;PR;1036770744.24;1891917.4164963504;4919922.432908023;548
UNIMED DE CAPIVARI -COOPERATIVA DE TRABALHO MÃDICO;SP;1033925596.18;1564183.9579122541;5073533.595162136;661
VITA ASSISTÃNCIA A SAÃDE LTDA.;MG;1019400479.32;3564337.3402797203;7611580.456597645;286
INTERMEDICI PIRACICABA ASSISTENCIA MEDICA LTDA;SP;1012404611.66;3908898.1145173744;9059650.012231791;259
AMEP FREGUESIA OPERADORA DE PLANO DE SAUDE LTDA;RJ;1006627058.3100001;4454102.027920354;10073272.830859048;226
FUNDAÃÃO FILANTRÃPICA E BENEFICENTE DE SAÃDE ARNALDO GAVAZZA FILHO;MG;1003837499.7;3280514.704901961;7063733.967797533;306
UNIMED CACERES COOPERATIVA DE TRABALHO MÃDICO ;MT;1001017094.72;1643706.2310673236;5356129.4483448025;609
UNIMED CATAGUASES COOPERATIVA DE TRABALHO MÃDICO LTDA;MG;997622330.86;1534803.5859384616;4674536.782851647;650
UNIMED CARATINGA - COOPERATIVA DE TRABALHO MÃDICO LTDA;MG;986868407.89;2999600.023981763;6284463.679574529;329
IRMANDADE DE MISERICORDIA DE PORTO FERREIRA;SP;982647240.1;9448531.154807692;13413356.357752958;104
LEADER ASSISTÃNCIA MÃDICA E HOSPITALAR LTDA.;SP;981326356.5;9345965.3;13973930.88554466;105
ASSOCIAÃÃO DE SAÃDE DO VALE;SC;971679566.23;6189041.82312102;10907560.662820926;157
SANTA CASA DE MISERICÃRDIA DE VOTUPORANGA;SP;967862431.13;5203561.457688172;8572547.131051226;186
ASSOCIAÃÃO FUNDO DE PROTEÃÃO Ã SAÃDE;PR;955951821.38;4709122.272807882;8817265.785889719;203
UNIMED DE PIRASSUNUNGA COOPERATIVA DE TRABALHO MÃDICO;SP;954587288.87;2983085.27771875;6619632.597536171;320
ASSOCIAÃÃO DOS FUNCIONÃRIOS DO FISCO DO ESTADO DE GOIÃS;GO;942300580.98;8489194.423243243;12796790.844256323;111
UNIMED VIÃOSA - COOPERATIVA DE TRABALHO MÃDICO;MG;937136869.2;2434121.7381818183;6351443.782655336;385
CONFERÃNCIA SÃO JOSÃ DO AVAÃ;RJ;932598806.66;4399050.97481132;7756086.620096265;212
UNIMED DE UBA COOPERATIVA DE TRABALHO MEDICO;MG;924978565.54;1789126.8192263055;5071102.231949597;517
UNIMED VILHENA - COOPERATIVA DE TRABALHO MEDICO LTDA;RO;915260901.14;2447221.660802139;5427907.083920701;374
UNIODONTO DE SÃO JOSÃ DOS CAMPOS COOPERATIVA DE TRABALHO ODONTOLÃGICO;SP;915161595.53;6444799.968521127;9622799.543159747;142
ASSOCIAÃÃO PLANO DE SAÃDE SANTA CASA DE VALINHOS;SP;909950855.27;4840164.123776596;9692364.403180461;188
UNIMED TRÃS CORAÃÃES COOPERATIVA DE TRABALHO MÃDICO LTDA.;MG;904671744.99;2014859.120244989;4767366.2085481165;449
UNIMED DE MOCOCA COOPERATIVA DE TRAB. MÃDICO;SP;904296007.15;1611935.8416221032;5386673.255900144;561
AMHE MED ASSISTENCIA A SAUDE LTDA - EPP;SP;886130879.63;7204316.094552846;10826234.344158342;123
ASSOCIAÃÃO DOS EMPREGADOS DA COMPANHIA ESTADUAL DE HABITAÃÃO E OBRAS PÃBLICAS - ASSEC;SE;885636122.08;7200293.675447155;11089742.28967923;123
UNIMED VALE DO PIQUIRI-COOPERATIVA DE TRABALHO MÃDICO VALE DO PIQUIRI ;PR;873901076.29;2489746.656096866;5734796.684961037;351
PREVIDENT ASSISTÃNCIA ODONTOLÃGICA S.A;SP;852628579.41;8198351.725096153;11082031.020999102;104
TERRAMAR ADMINISTRADORA DE PLANO DE SAUDE LTDA;BA;851650896.69;7813310.97880734;10507305.826475767;109
UNIMED NOROESTE DE MINAS COOPERATIVA DE TRABALHO MEDICO LTDA;MG;850460957.99;2214742.0780989584;5111695.33367408;384
ASSOCIAÃÃO PARANAENSE DE ASSISTÃNCIA Ã SAUDE DOS MEMBROS DO MINISTERIO PUBLICO DO PARANÃ;PR;849318754.57;4798411.042768362;7883092.815303283;177
FUNDACAO CAPITAL PREVIDENCIA E SAUDE - CAPITAL PREV;ES;842451128.4;3131788.5814126395;7397169.501306823;269
CAIXA DE ASSISTÃNCIA DOS MAGISTRADOS DE PERNAMBUCO;PE;838730155.96;3153120.8870676695;7257126.179502703;266
UNIMED DE MINEIROS COOPERATIVA DE TRABALHO MÃDICO ;GO;836691868.61;1780195.4651276595;4930811.594040765;470
BEST SENIOR OPERADORA DE SAÃDE LTDA;ES;824789289.87;4165602.474090909;7800304.069036015;198
UNIMED PONTAL DO TRIÃNGULO - COOPERATIVA DE TRABALHO MÃDICO;MG;795656384.54;1451927.7090145985;4134137.049128014;548
UNIMED DE SAO JOSÃ DO RIO PARDO-COOP. DE TRAB. MÃDICO;SP;795461880.27;2470378.5101552797;5360413.058032545;322
UNIMED FRUTAL COOPERATIVA DE TRABALHO MEDICO LTDA;MG;790398176.14;975800.2174567902;3378151.7980485596;810
OPERADORA DE PLANOS PRIVADOS DE SAÃDE - SANTA CASA SAÃDE LTDA;MS;788971031.86;3829956.465339806;7962143.676454175;206
POLI SAUDE OPERADORA DE PLANO DE SAUDE LTDA;PR;786636453.74;3496162.0166222225;7154089.424479832;225
CAIXA DE ASSISTÃNCIA DOS EMPREGADOS DO BANEB;BA;785705992.07;8730066.578555556;14545660.365304658;90
UNIMED SUDOESTE DE MINAS COOPERATIVA DE TRABALHO MÃDICO;MG;782222151.46;1990387.1538422392;4442247.128797448;393
UNIMED PLANALTO CENTRAL/RS - COOPERATIVA DE ASSISTÃNCIA  Ã SAÃDE LTDA.;RS;778925689.7;2382035.748318043;4861041.222464225;327
PLANO ODONTOLÃGICO DENTALVIDAS LTDA.;SP;778918604.24;5603730.965755396;10146059.414196812;139
BRASILDENTAL OPERADORA DE PLANOS ODONTOLÃGICOS S.A.;SP;774126334.28;8414416.676956521;11719551.682685694;92
UNIMED DE ADAMANTINA-COOPERATIVA DE TRABALHO MÃDICO;SP;774125153.18;1228770.0844126984;3835659.643277168;630
UNIMED SÃO SEBASTIÃO DO PARAÃSO COOPERATIVA DE TRABALHO MÃDICO;MG;772350932.08;2145419.255777778;4500638.961183925;360
PRONTOCLINICA E HOSPITAIS SAO LUCAS S/A;MG;771005353.0600001;3441988.183303572;7353537.285321377;224
UNIODONTO BELÃM - COOPERATIVA DE ASSISTÃNCIA Ã SAÃDE ODONTOLÃGICA;PA;765202745.7;4113993.2564516133;7422733.150086722;186
PLAMER PLANO MEDICO RESENDE LTDA;RJ;759064335.42;3795321.6771;7550519.221255476;200
AMPARA ASSISTÃNCIA MÃDICA PARAÃSO LTDA;MG;755595465.55;3071526.282723577;6936390.793009996;246
UNIMED LEOPOLDINA COOPERATIVA DE TRABALHO MÃDICO LTDA;MG;753956135.84;3321392.6688986784;6016071.398618011;227
FUNDAÃÃO DE ASSISTÃNCIA Ã SAÃDE DA ASSOCIAÃÃO DO MINISTÃRIO PÃBLICO DO RIO GRANDE DO SUL;RS;749248268.57;6572353.233070176;9131334.452431986;114
SAÃDE BRASIL ASSISTÃNCIA MÃDICA LTDA.;SP;723884116.89;6294644.494695652;7381720.986974594;115
FUNDAÃÃO FIAT SAÃDE E BEM ESTAR;MG;722169871.58;12895890.563928572;25044025.39125007;56
ADVANCE PLANOS DE SAÃDE LTDA;SP;714590131.34;5104215.223857143;8723129.839682123;140
UNIMED REGIÃO DA CAMPANHA/RS - COOPERATIVA DE ASSISTÃNCIA Ã SAÃDE LTDA.;RS;707229129.15;1292923.4536563072;3807362.740455256;547
FILOSANITAS SAUDE LTDA;SP;706139076.67;6194202.426929824;8740762.495493285;114
PESSOAL SAÃDE PLANOS DE ASSISTÃNCIA MÃDICA LTDA;SP;703554749.97;4289967.987621952;7868187.6935900785;164
ASSOCIAÃÃO VALEPARAIBANA DE ASSISTÃNCIA MÃDICA POLICIAL;SP;702944608.82;7988006.918409091;10271945.17062747;88
MAIS SAÃDE PLANO DE SAÃDE LTDA;GO;698853400.78;7131157.150816326;9668011.324109923;98
UNIMED ALFENAS COOPERATIVA DE TRABALHO MEDICO;MG;698824398.21;1919847.2478296703;4523803.249681572;364
UNIMED DE MONTE ALTO - COOPERATIVA DE TRABALHO MÃDICO;SP;695901624.73;2017106.1586376813;4790339.800057808;345
ASSOCIACAO DOS PROFESSORES UNIVERSITÃRIOS DA BAHIA;BA;688035097.57;5292577.673615385;8495645.02368111;130
IRMANDADE DA SANTA CASA DE MISERICÃRDIA E MATERNIDADE DONA ZILDA SALVAGNI;SP;677036096.25;7607147.148876404;8696974.085893609;89
CAIXA DE ASSISTÃNCIA DOS EMPREGADOS DO BANESE;SE;672547829.18;4367193.695974026;8388821.752159828;154
UNIMED DE DRACENA - COOPERATIVA DE TRABALHO MÃDICO;SP;671765765.12;1160217.2109153713;3235410.392139217;579
ASSOCIAÃÃO POLICIAL DE ASSISTÃNCIA A SAÃDE DA BAIXADA SANTISTA;SP;658950922.85;4393006.152333333;8139104.433820208;150
ASSOCIAÃÃO SANTA CASA CLÃNICAS DE BIRIGUI;SP;652058713.83;3468397.413989362;6213981.403448146;188
UNIMED REGIÃO DA FRONTEIRA - RS COOPERATIVA DE ASSISTÃNCIA Ã SAÃDE LTDA.;RS;649855022.82;1825435.4573595508;4275142.067471965;356
ANAFE SAUDE;GO;647989252.64;3323021.808410256;6676638.977599003;195
SOCIEDADE BENEFICENTE DEZOITO DE JULHO;MG;637329364.63;4306279.490743243;7364858.551838864;148
ASSOCIAÃÃO POLICIAL DE ASSISTÃNCIA Ã SAÃDE DE RIBEIRÃO PRETO (APAS);SP;636372286.55;4895171.435;8250956.128799442;130
UNIMED CALDAS NOVAS - COOPERATIVA DE TRABALHO MEDICO;GO;625611522.7;2099367.5258389264;4642118.72763823;298
ASSOCIAÃÃO POLICIAL DE ASSISTÃNCIA Ã SAÃDE DE ARAÃATUBA (APAS);SP;625592132.91;3791467.472181818;7364704.522602625;165
UNIMED VALE DO CORUMBÃ COOPERATIVA DE TRABALHO MEDICO;GO;625331246.58;2265692.9223913043;5043683.632901316;276
SANTA CASA DE MISERICORDIA HOSPITAL SÃO VICENTE;SP;622037385.34;4380544.967183099;7495613.795487205;142
ASSOCIAÃÃO FCA SAÃDE;MG;609817921.44;7009401.39586207;17036367.888791196;87
UNIMED REGIONAL DE FLORIANO - COOPERATIVA DE TRABALHO MÃDICO;PI;602175275.49;2289639.830760456;4482311.703501792;263
UNIX SAÃDE S.A;BA;590480157.22;2219850.215112782;4714378.330053611;266
UNIMED DE REGISTRO COOPERATIVA DE TRABALHO MÃDICO;SP;580830247.32;4033543.3841666672;6874171.5372228045;144
SV SAUDE ADMINSTRADORES DE PLANO DE SAUDE LTDA;RJ;572308588.07;2414804.16907173;5732989.815988797;237
UNIODONTO DE FORTALEZA COOPERATIVA DE TRABALHO ODONTOLOGICO LTDA;CE;560199890.51;3458024.015493827;6158488.433870664;162
ASSOCIAÃÃO DOS AUDITORES FISCAIS DA RECEITA ESTADUAL DO RIO DE JANEIRO;RJ;554697361.24;5232993.973962264;6695681.8704250865;106
UNIMED TRÃS PONTAS - COOPERATIVA DE TRABALHO MÃDICO;MG;544970267.75;1192495.115426696;3281501.504661688;457
UNIMED REGIÃO DA PRODUÃÃO/RS - COOPERATIVA DE ASSISTÃNCIA Ã SAÃDE LTDA;RS;518068842.01;1057283.3510408164;2452035.1175524066;490
FUNASA SAÃDE;PB;502487211.62;2938521.705380117;5361964.407818234;171
YOU ASSISTÃNCIA MÃDICA LTDA.;MG;499852219.88;4671516.07364486;6617180.284657011;107
HOSPITAL DE PRONTOCLINICA LTDA.;RS;492756379.93;3445848.810699301;5588667.762903404;143
DESBAN - FUNDAÃÃO BDMG DE SEGURIDADE SOCIAL;MG;490475296.26;2096048.2746153846;4851112.771271362;234
UNIMED ALTO JACUÃ/RS - COOPERATIVA DE ASSISTÃNCIA Ã SAÃDE LTDA;RS;484911133.49;1056451.2712200435;2453468.0544486973;459
UNIMED DE PENAPOLIS - COOPERATIVA DE TRABALHO MEDICO;SP;484284420.21;826423.9252730375;2265326.515961322;586
FEDERAÃÃO DAS COOP ODONTOLÃGICAS DO ESTADO DE SANTA CATARINA;SC;482324930.8;3445178.077142857;5825357.98288874;140
UNIODONTO REGIONAL COOPERATIVA ODONTOLOGICA;MG;480495582.44;2476781.3527835053;4608947.790527601;194
ASSOCIAÃÃO SAÃDE CONCEIÃÃO;SC;479861801.39;2435846.7075634515;5163559.701992549;197
CAIXA ASSISTENCIAL UNIVERSITARIA DO RIO DE JANEIRO;RJ;478846057.45;2955839.860802469;5648780.946446581;162
SOCIEDADE PORTUGUESA DE BENEFICÃNCIA;RS;478710732.22;2258069.4916037736;4617968.512467136;212
ASSOCIAÃÃO GOIANA DO MINISTÃRIO PÃBLICO;GO;475690532.94;4065731.050769231;5880147.282808406;117
SANTA CASA DE SAÃDE - SCS;ES;469325111.85;2536892.4964864864;4778360.529379629;185
UNIODONTO/RN - COOPERATIVA ODONTOLOGICA DO RIO GRANDE DO NORTE;RN;467234525.77;3244684.206736111;5415659.605328082;144
UNIMED MACHADO COOPERATIVA DE TRABALHO MEDICO;MG;450535937.81;1072704.6138333334;2666763.346931905;420
UNIMED DE JATAÃ COOPERATIVA DE TRABALHO MÃDICO LTDA.;GO;449384066.94;613912.6597540984;1882204.4387274527;732
UNIODONTO MACEIÃ COOPERATIVA ODONTOLÃGICA;AL;446372796.61;5377985.501325302;6597483.856305059;83
CAIXA DE ASSISTÃNCIA DO SINDFISCO - CASSIND;SE;446030654.01;5718341.718076923;6692087.46750743;78
UNIODONTO GOIANIA COOPERATIVA DE CIRURGIÃES DENTISTAS;GO;440907614.07;2519472.0804;4522735.308217873;175
TRINO - ALIANCA FILANTRÃPICA DE ASSISTÃNCIA E INTEGRAÃÃO PARA O DESENVOLVIMENTO DA SAUDE;ES;440845581.31;3040314.353862069;6366842.083435754;145
COOPERATIVA DOS USUÃRIOS DE SERVIÃOS DE SAÃDE LTDA.;RS;438285542.28000003;2247618.165538462;4356936.082519091;195
RIO DOCE SAÃDE;ES;432443400.4;2059254.2876190476;4314559.424220152;210
UNIODONTO PIRACICABA - COOPERATIVA ODONTOLÃGICA;SP;431224698.11;2536615.8712352943;4828284.290811351;170
UNIMED SÃO JOÃO NEPOMUCENO COOPERATIVA DE TRABALHO MÃDICO LTDA.;MG;428646991.37;1786029.1307083333;3191304.9894656516;240
UNIMED VALE DO CARANGOLA COOPERATIVA DE TRABALHO MEDICO LTDA;MG;425503148.88;1810651.697361702;3026706.4577834844;235
UNIMED DE CORUMBA COOPERATIVA DE TRABALHO MÃDICO;MS;412690491.33;2003351.899660194;3266279.1540134246;206
NACIONAL ODONTO OPERADORA DE PLANOS ODONTOLÃGICOS LTDA.;PE;411387611.34000003;3486335.6893220344;5265328.592285041;118
UNIMED PONTE NOVA COOPERATIVA DE TRABALHO MEDICO LTDA;MG;409336380.52;1461915.6447142856;2807583.2957719695;280
UNIMED PATOS - COOPERATIVA DE TRABALHO MÃDICO;PB;404331905.39;1304296.469;2715159.41977994;310
MEDHEALTH PLANOS DE SAÃDE LTDA;PR;398883040.93;2932963.53625;5896080.918569466;136
UNIDENTIS ASSISTENCIA ODONTOLOGICA LTDA.;PB;386076022.71999997;3328241.5751724136;4928581.614512025;116
UNIODONTO DE SC COOPERATIVA ADMINISTRADORA DE CONTRATOS;SC;381748334.63;1446016.4190530302;3491334.1566317063;264
UNIODONTO PORTO ALEGRE COOPERATIVA ODONTOLOGICA LTDA;RS;370742817.17;2989861.4287903225;4406408.555184849;124
UNIODONTO PAULISTA-FEDERAÃÃO DAS COOPERATIVAS ODONTOLÃGICAS DO ESTADO DE SÃO PAULO;SP;363074597.49;2028349.7066480448;3459123.26636343;179
UNIODONTO DE JOÃO PESSOA COOPERATIVA ODONTOLÃGICA;PB;357960447.93;2355002.9469078947;4135256.089005817;152
UNIMED DO OESTE DA BAHIA COOPERATIVA DE TRABALHO MÃDICO;BA;356050362.1;1489750.469037657;2863634.3194058463;239
EVANGELICO SAUDE LTDA.;PR;347600928.11;1072842.3707098765;2766746.6019149916;324
ASSOCIACAO POLICIAL DE ASSISTENCIA A SAUDE DE PRESIDENTE PRUDENTE (APAS);SP;346940162.63;2102667.6523030302;4155664.9920388884;165
CARE PLUS ODONTOLOGIA ASSISTENCIAL LTDA.;SP;338026796.71;2522588.0351492534;4118169.375876545;134
UNIMED MORRINHOS COOPERATIVA DE TRABALHO MEDICO;GO;335865937.17;1162165.8725605537;2252029.3581009856;289
HOSPITAL CESAR LEITE;MG;333735824.05;1784683.5510695188;2991805.6614713967;187
UNIMED SUDOESTE PAULISTA COOPERATIVA DE TRABALHO MÃDICO;SP;323128683.43;1133784.8541403508;2686822.9697102704;285
ASSOCIAÃAO UNISAUDE MARAU;RS;322831556.6;2391344.863703704;3743866.993664586;135
ASSOCIAÃÃO POLICIAL DE ASSISTÃNCIA A SAÃDE;SP;320627670.32;2392743.8083582087;4059776.5946816015;134
ASSOCIAÃÃO DOS SERVIDORES MUNICIPAIS, ESTADUAIS E FEDERAIS DO RIO DE JANEIRO;RJ;311194845.69;1982132.7750955415;3968073.3559139506;157
UNIMED REGIONAL DE PICOS - COOPERATIVA DE TRABALHO MÃDICO;PI;309863831.26;2816943.9205454546;4164861.327939895;110
SOCIEDADE DE ASSISTÃNCIA MÃDICA - SAMEISA;RS;309371353.41;2812466.8491818183;4294368.637798947;110
COOPERATIVA DOS USUÃRIOS DE SERVIÃOS DE SAÃDE DO VALE DO RIO DOS SINOS LTDA;RS;303522262.13;3129095.4858762887;4442315.300328996;97
FUNDAÃÃO PLAMHUV - PLANO MÃDICO HOSPITALAR DOS HOSPITAIS UNIDOS DE VIÃOSA;MG;288582592.98;988296.5513013699;2409563.8628644003;292
ODONTO EMPRESAS CONVENIOS DENTARIOS LTDA.;SP;277693944.12;3305880.287142857;4955021.792263939;84
CAIXA DE ASSISTÃNCIA Ã SAÃDE DOS TRABALHADORES NAS INDÃSTRIAS METALÃRGICAS, MECÃNICAS E DO MATERIAL ELÃTRICO DE BRUSQUE;SC;275037016.4;2696441.337254902;3872863.379201233;102
ASSOCIACAO DE SAUDE HOLAMBRA;SP;271083840.08;3080498.1827272726;3706499.6127718166;88
S1 OPERADORA DE PLANO DE SAÃDE LTDA;DF;269886766.9;1823559.2358108107;3359550.08341603;148
PB ASSISTENCIA MEDICA EU LTDA;BA;266008942.32;1602463.5079518072;2554793.0797974514;166
UNIMED INTRAFEDERATIVA FEDERAÃÃO REGIONAL SUL DE MINAS;MG;265670806.64;2043621.5895384615;8038819.246852337;130
UNIMED SOUSA - COOPERATIVA DE TRABALHO MÃDICO;PB;263779239.31;1403081.0601595745;2248028.710883499;188
UNIODONTO DE MANAUS - COOPERATIVA ODONTOLÃGICA LTDA.;AM;263353200.87;1950764.450888889;3054057.307475647;135
ODONTOGROUP SISTEMA DE SAÃDE LTDA.;DF;261829246.09;1843867.9302112677;3128059.463840534;142
ASSOCIAÃÃO DOS FUNCIONÃRIOS FISCAIS DO ESTADO DO AMAZONAS - AFFEAM;AM;259163665.09;2313961.2954464285;3521496.1091440413;112
UNIMED CAMPO BELO- COOPERATIVA DE TRABALHO MÃDICO;MG;258848893.47;668860.1898449613;1458179.477992941;387
R.M.I. OPERADORA DE SAÃDE INTEGRADA LTDA;SP;256831150.22;2054649.20176;3353367.4472761024;125
SISTEMA TOTAL DE SAÃDE LTDA.;SP;254095227.73000002;1896233.0427611943;2886889.7982665612;134
VIDA TOP MAIS SAÃDE OPERADORA DE PLANOS DE SAÃDE LTDA.;SP;249515847.42;1241372.3752238806;3247820.0812239246;201
UNIODONTO DO BRASIL CENTRAL NACIONAL DAS COOPERATIVAS ODONTÃLOGICAS;SP;248579982.22;1497469.7724096386;2323029.0030263904;166
UNIMED CAJAZEIRAS - SOCIEDADE COOPERATIVA DE TRABALHO MÃDICO;PB;247675903.06;1905199.2543076924;4759167.763710829;130
AME VVIDA PLANOS DE SAUDE INTEGRADO LTDA.;RO;247167528.26;3744962.5493939393;6328228.956539607;66
CONFIANÃA ASSISTÃNCIA MÃDICO HOSPITALAR LTDA;MG;243955950.96;2595276.074042553;3239174.207934578;94
ASSOCIAÃÃO POLICIAL DE ASSISTENCIA Ã SAUDE DE SAO JOAO DA BOA VISTA;SP;237890723.78;1663571.494965035;3006416.6250889082;143
ASSOCIAÃÃO BENEFICENTE CATÃLICA;MG;234633095.17;1380194.6774705881;2043024.4326343285;170
UNIODONTO DE AMERICANA COOPERATIVA ODONTOLÃGICA;SP;229220013.48;1469359.0607692306;2346019.675464765;156
ORALE ASSISTÃNCIA ODONTOLÃGICA LTDA;BA;229042575.37;1684136.5836029411;2365227.1247900114;136
SELECT OPERADORA DE PLANO DE SAUDE LTDA;GO;224925069.44;1785119.5987301588;2966512.880843111;126
ASSOCIAÃÃO DO FISCO DE ALAGOAS;AL;224314147.31;2875822.4014102565;7667011.254944486;78
PRIMA VIDA ODONTOLOGIA DE GRUPO LIMITADA;RJ;223741598.97;2034014.536090909;2705226.341390605;110
AME-ASSISTÃNCIA MÃDICA A EMPRESAS LTDA;MG;223385262.0;1151470.4226804124;2198631.8402150096;194
IDEAL SAÃDE ASSISTÃNCIA MÃDICA AMBULATORIAL LTDA;DF;218893162.37;2918575.4982666667;5651050.451569849;75
COMSEDER - COOPERATIVA DE ASSISTÃNCIA MÃDICA DOS SERVIDORES DA SUPLAN E DO DER LTDA;PB;213762598.76;1858805.2066086957;2670364.6678488706;115
ATITUDE SAÃDE ASSISTÃNCIA MEDICA LTDA;BA;204834398.89;1280214.9930625;2596170.6496901396;160
SANTA CASA DE MISERICÃRDIA E BENEFICÃNCIA PORTUGUESA;SP;203482274.31;1709935.0782352942;2850089.3924551904;119
SANTA CASA DE MISERICÃRDIA DE TUPÃ;SP;199606968.81;1446427.3102173912;2374423.917075915;138
MEDGOLD ASSISTENCIA MEDICA LTDA - ME;MG;196770614.10999998;998835.6046192893;1833208.358087193;197
UNIMED DE BATATAIS - COOPERATIVA DE TRABALHO MÃDICO;SP;195754187.35;689275.3075704225;1329658.9982704183;284
ASSOCIACAO CIVIL PRÃ-SAÃDE DOS SERVIDORES DA UNIVERSIDADE ESTADUAL DE PONTA GROSSA;PR;193808691.66;1863545.1121153845;2689415.4375214493;104
HOSPITAL S.P. LTDA.;RS;192119734.72;1315888.5939726026;2218026.199524804;146
ASSOCIAÃÃO UNIVIDA SANTA RITA DO PASSA QUATRO;SP;190518238.35999998;947851.9321393034;1914680.427488774;201
UNIODONTO DE SOROCABA COOPERATIVA ODONTOLÃGICA;SP;187939894.63;1978314.6803157895;2444114.0850474522;95
PERSONAL CARE OPERADORA DE SAÃDE SA;SP;186015971.96;1300810.9927272727;2092267.6228479024;143
ASSOCIAÃÃO POLICIAL DE ASSISTÃNCIA Ã SAÃDE DE PRESIDENTE VENCESLAU;SP;181328570.87;2014761.8985555556;2748528.8951905216;90
UNIODONTO VALE HISTORICO COOPERATIVA ODONTOLOGICA;SP;180841036.04;1329713.5002941175;2088437.026603701;136
UNIODONTO DO SUL GOIANO COOPERATIVA ODONTOLOGICA;GO;179337850.03;1724402.4041346153;2340902.183162056;104
SERVDONTO - PLANO DE ASSISTÃNCIA ODONTOLÃGICA LTDA;SE;173575842.29;1399805.1797580644;2284227.9362118235;124
ASSOCIACAO POLICIAL DE ASSISTENCIA A SAUDE DE ITAPETININGA;SP;173531275.9;943104.760326087;1906665.2124745776;184
PRONTO SOCORRO CONDE DE MOREIRA LIMA;SP;172730162.95;975876.6268361581;1700359.1565195245;177
PLANO ASSISTENCIAL SÃO LUCAS LTDA;MG;171548554.63;853475.3961691542;1756653.911811772;201
TELOS - FUNDAÃÃO EMBRATEL DE SEGURIDADE SOCIAL;RJ;168102353.8;4202558.845000001;2063253.2389089586;40
UNIODONTO UBERABA - COOPERATIVA DE ASSISTÃNCIA Ã SAÃDE ODONTOLÃGICA LTDA;MG;166081250.44;1186294.646;1926623.055090287;140
PORTO DIAS SAUDE LTDA.;PA;165480631.5;1532228.0694444445;2180832.373326492;108
ASSOCIAÃÃO POLICIAL DE ASSISTÃNCIA Ã SAÃDE DE BARRETOS;SP;163519255.73;1777383.2144565217;2335398.0756665203;92
UNIODONTO DE JUNDIAÃ COOPERATIVA ODONTOLÃGICA;SP;162269697.74;901498.3207777778;1523686.1760180537;180
UNITY SERVIÃOS INTEGRADOS DE SAÃDE LTDA.;DF;160988156.83;2146508.7577333334;3752515.460963096;75
UNIODONTO DE ARARAQUARA COOPERATIVA ODONTOLÃGICA;SP;158854219.45;1059028.1296666665;1661025.4316602983;150
NOSAMED ASSISTÃNCIA MÃDICA LTDA.;SP;150152891.79;1050020.2223076923;1714341.2531378216;143
CAIXA BENEFICENTE DOS FUNCIONÃRIOS DO GRUPO IGUAÃU;PR;148970096.44;856149.9795402299;1672948.5611829301;174
ANGELI SISTEMAS DE SAUDE S.A.;PR;147179774.99;1186933.6692741937;1817535.5331156373;124
FUNDO DE ASSISTÃNCIA MÃDICO-HOSPITALAR DO MINISTÃRIO PÃBLICO;MS;145367370.92;1038338.3637142857;1535144.034207798;140
UNIMED VALE DO URUCUIA - COOPERATIVA DE TRABALHO MEDICO LTDA;MG;144856551.92;1478128.0808163264;5075194.683407847;98
ASSOCIAÃÃO HOSPITAL SAÃDE DE VARGEM GRANDE DO SUL;SP;144738316.13;1064252.324485294;1765003.398503831;136
ODONTOART PLANOS ODONTOLÃGICOS LTDA;CE;139106249.79;1391062.4978999998;1850412.1930976326;100
ASSOCIAÃÃO POLICIAL DE ASSISTÃNCIA Ã SAÃDE DE DRACENA;SP;136821934.47;882722.1578709678;1364884.6561414914;155
PLAMESC PLANOS DE SAÃDE LTDA;RJ;135270500.74;901803.3382666667;1536703.4899734727;150
ASSOCIAÃÃO DOS SERVIDORES PÃBLICOS DA ADMINISTRAÃÃO DIRETA DO GOVERNO DO ESTADO DO PARÃ - ASPARÃ;PA;129708349.33;820938.9198101265;1467172.9959382883;158
UNIODONTO MARINGA COOPERATIVA ODONTOLOGICA;PR;128192432.32;978568.1856488549;1575414.8607205737;131
PLANO VIDA SAUDE SERVIÃOS ODONTOLOGICOS LTDA;SE;127834927.73;1304438.0380612246;1644739.3262423556;98
SAMIG - SERV. DE ASSISTENCIA MEDICA DA ILHA DO GOVERNADOR LTDA;RJ;125479239.99;859446.8492465753;1446924.4796815028;146
ZURICH SANTANDER BRASIL ODONTO LTDA.;SP;124823945.54;1642420.3360526317;1616200.6165169745;76
COOPERATIVA ODONTOLÃGICA POÃOS DE CALDAS;MG;122427164.19;987315.8402419355;1509627.8365719237;124
COOPERATIVA ODONTOLÃGICA DO ESTADO DO AMAPÃ;AP;121840584.64999999;982585.3600806451;1560578.1310147904;124
SEPACO SAÃDE LTDA;SP;121234089.8;1836880.1484848484;1840805.7673667194;66
SANTO ANDRÃ PLANOS DE ASSISTENCIA MÃDICA LTDA.;SP;118465845.35;1716896.3094202897;3131751.5663886126;69
SANTA CASA DE MISERICÃRDIA E ASILO DOS POBRES DE BATATAIS;SP;117487931.87;499948.6462553192;1000700.3854947053;235
UNIVIDA USA OPERADORA EM SAUDE S/A;SP;116310475.11;1264244.294673913;1740350.4930122783;92
ASSOCIAÃÃO SAÃDE RURAL ALEGRETE;RS;113926687.88;1356270.0938095239;1669738.3533839649;84
DENTALPAR ASSISTÃNCIA ODONTOLÃGICA EMPRESARIAL LTDA.;SP;113654588.53;1072213.0993396225;1408703.7973222993;106
DENTAL CENTER LTDA;PB;112548763.97;1082199.6535576922;1478928.3462005048;104
UNIODONTO ESPIRITO SANTO COOPERATIVA ODONTOLOGICA;ES;112145174.66;778785.9351388889;1327933.0690125027;144
DENTAL MASTER LTDA - EPP;AL;112133366.55;1274242.8017045455;1619598.1200348358;88
ASSOCIAÃÃO POLICIAL DE ASSISTÃNCIA Ã SAÃDE DE JAÃ;SP;110893895.91;803578.9558695651;1457140.3072689336;138
SF SISTEMAS DE SAÃDE LTDA;SP;110420050.39;968596.933245614;1878515.1606749387;114
CAMIM OPERADORA DE PLANO DE SAÃDE LTDA;RJ;108645361.24;1597725.9005882351;1622459.513687027;68
SD-M OPERADORA DE PLANOS DE SAUDE LTDA;RJ;108353915.74;1231294.4970454546;1469090.0204994797;88
ODILE SERVIÃOS DE SAÃDE LTDA.;SP;108118740.05;1566938.2615942028;1835595.0882780494;69
SEMPRE ODONTO PLANOS ODONTOLOGICOS LTDA;RJ;108080038.96;857778.086984127;1310992.926085991;126
UNIMED NORTE/NORDESTE-FEDERAÃÃO INTERFEDERATIVA DAS SOCIEDADES COOPERATIVAS DE TRABALHO MÃDICO EM RECUPERAÃÃO JUDICIAL;PB;107634395.97;1015418.8299056604;1452394.7124860266;106
ASSOCIAÃÃO POLICIAL DE ASSISTENCIA A SAUDE DE BOTUCATU;SP;102359103.35;805977.1917322834;1323600.9741658058;127
ASSOCIACAO DOS SERVIDORES DA EMDAGRO - ASSEM;SE;102092500.52;1041760.209387755;1351453.1552240902;98
UNIODONTO JACAREÃ COOPERATIVA ODONTOLÃGICA;SP;100062071.87;671557.5293288591;940254.7909076008;149
MEDIC GLOBAL PLANOS DE SAÃDE LTDA.;MG;97493809.86;601813.6411111112;1098527.080922524;162
HEALTH-MED SISTEMA DE SAUDE LTDA;RJ;96736641.55;806138.6795833333;1184808.6835451438;120
UNIMED VALE DO PARAÃBA - FEDERAÃÃO INTRAFEDERATIVA DAS COOPERATIVAS MÃDICAS;SP;95389764.47;3532954.2396296295;5857910.819589619;27
VIVENTERIS LTDA;PR;94720466.0;937826.396039604;1096586.493748376;101
CEDPLAN SAÃDE LTDA EPP;MG;94058875.78999999;707209.592406015;1096938.289045811;133
UNIODONTO RS FEDERACAO DAS UNIODONTOS DO RGS LTDA;RS;93984398.48;854403.6225454545;1035806.4779959735;110
RODRIGUES LEIRA ODONTOLOGIA LTDA.;SP;92004572.51;821469.3974107143;1065374.4750904636;112
OPLAN SAÃDE OPERADORA DE PLANO DE SAÃDE LTDA;RJ;90379907.29;445221.21817733994;893585.4866942512;203
MH VIDA - OPERADORA DE PLANOS DE SAÃDE LTDA;RJ;90225568.88;550155.907804878;1082594.633425017;164
CAIXA DE ASSISTÃNCIA DOS EMPREGADOS DO SETOR PÃBLICO DO ESTADO DE GOIÃS - CAEME;GO;89541899.66;683525.9516030534;1204111.5692624506;131
CARING SAÃDE ASSISTÃNCIA MÃDICA LTDA.;RJ;88565514.36;1165335.7152631579;1622598.6139818053;76
UNIODONTO DE LONDRINA COOP. ODONTOLÃGICA;PR;85452507.77;899500.0817894737;1164870.1700797493;95
ASSOCIAÃÃO POLICIAL DE ASSISTÃNCIA Ã SAÃDE - VALE DO RIBEIRA;SP;83849891.34;427805.56806122453;860199.664654666;196
HSMED SAUDE LTDA;RJ;83263190.04;507702.378292683;755735.5402075329;164
COOPERATIVA DE TRABALHO ODONTOLOGICO - UNIODONTO ITAJUBÃ;MG;83085350.31;681027.461557377;930768.7869374217;122
AMPLA PLANOS DE SAUDE LTDA;RJ;82726382.87;1253430.0434848485;1608955.2720238096;66
DENTAL GOLD ASSISTÃNCIA ODONTOLÃGICA LTDA.;PB;81947560.87;844820.2151546392;1079273.4346171194;97
ASSOCIAÃÃO SERVIÃOS ODONTOLÃGICOS DA INDÃSTRIA DE MINAS GERAIS - ODONTOINDUSTRIA;MG;81823393.44;1573526.796923077;1189145.316541731;52
AESP ODONTO ASSISTÃNCIA ODONTOLÃGICA S/S LTDA EPP;SP;81537044.08;690991.8989830508;1036024.6960529259;118
ÃNIX OPERADORA DE PLANOS DE SAÃDE LTDA;RJ;78501437.62;523342.9174666667;798803.9977444295;150
PRESERVE SAUDE ASSISTENCIA MEDICA LTDA;BA;77315735.51;392465.66248730966;820059.1027686537;197
PLANO DE ASSISTÃNCIA ODONTOLÃGICA FAUCHARD LTDA. ME;BA;68822301.31;782071.6057954546;940261.6242609285;88
SMART CARE SISTEMAS MÃDICOS E ODONTOLÃGICOS LTDA.;SP;68706798.06;780759.0688636363;694556.9993669722;88
PLANO DE ASSISTÃNCIA MÃDICA MINEIRA LTDA;MG;68101271.98;415251.6584146342;640032.3068455261;164
VOCÃ TOTAL PLANOS DE SAÃDE LIMITADA;SP;65673456.949999996;542755.8425619834;994151.1517798306;121
ASSOCIAÃÃO POLICIAL DE ASSISTÃNCIA Ã SAÃDE APAS;SP;62808709.71;951647.1168181818;1662566.2401778055;66
ODONTOLIVE OPERADORA DE PLANOS ODONTOLÃGICOS LTDA.;SP;61554616.61;628108.3327551021;863059.0490943491;98
DENTAL PLUS CONVÃNIO ODONTOLÃGICO LTDA.;SP;58610666.2;637072.4586956522;789082.0725600054;92
HOSPITAL DE CARIDADE SÃO VICENTE DE PAULO;PR;55615146.52;479440.9182758621;739780.8737478743;116
QUALIDONTO - QUALIDADE EM ODONTOLOGIA LTDA ;BA;54868347.85;661064.4319277109;814396.3170135998;83
AURORA SAÃDE LTDA;MG;54865402.65;899432.8303278688;1350834.6703178124;61
ASSOCIAÃÃO DOS FISCAIS DE TRIBUTOS ESTADUAIS DO RS - AFISVEC;RS;54419006.87;906983.4478333333;889152.0698476278;60
ODONT-OPERADORA ODONTOLOGICA LTDA;SP;54202343.44;536656.8657425742;798611.5891253595;101
UNIODONTO DE MATO GROSSO COOP TRAB ODONTOLOGICO LTDA;MT;53567647.29;402764.26533834584;661940.4455377457;133
CENTRO DE ENDOCRINOLOGIA DE JUNDIAÃ S/S LTDA;SP;52842648.06;574376.6093478261;782292.187270616;92
ODONTO SEG OPERADORA DE PLANOS ODONTOLOGICOS S.A.;SP;52815431.53;614132.9247674419;782808.5260127225;86
ASSOCIAÃÃO PADRE PIO PLANOS DE SAÃDE;SP;50772254.93;433950.89683760685;642505.5851983689;117
NOVA SAÃDE OPERADORA INTEGRADA DE SAÃDE LTDA;RJ;50714567.34;4610415.212727273;3363979.523177809;11
UNIODONTO BEBEDOURO - COOPERATIVA ODONTOLÃGICA;SP;50283628.24;1933985.7015384617;2031384.1891886238;26
QUALICORP ADMINISTRADORA DE BENEFÃCIOS S.A.;SP;50218476.46;1115966.1435555555;1433790.4100214771;45
FUNDO DE ASSISTÃNCIA Ã SAÃDE DOS FUNCIONÃRIOS DO BEC;CE;48848299.01;519662.7554255319;1560952.252219177;94
SORRIDEN CONVÃNIOS ODONTOLÃGICOS S.A.;SP;46219410.89;722178.29515625;690109.0805785931;64
BENEFICENCIA SOCIAL BOM SAMARITANO;MG;46006359.3;251400.87049180327;407597.63480948;183
UNIODONTO DE SERTAOZINHO SP COOPERATIVA ODONTOLOGICA;SP;40312970.7;1119804.7416666667;1278387.0579578027;36
UNIODONTO DE PRESIDENTE PRUDENTE COOPERATIVA ODONTOLOGICA;SP;37892905.25;947322.63125;1478924.0588629495;40
SANTA CASA DA MISERICÃRDIA DE SÃO JOÃO DEL REI;MG;37666142.86;336304.8469642857;468200.09197073255;112
SAME-SERVIÃO DE ASSISTÃNCIA MÃDICA EMPRESARIAL LTDA.;MA;36602840.8;348598.4838095238;500895.8371838252;105
UNIODONTO DE BOTUCATU COOPERATIVA ODONTOLOGICA;SP;35953532.39;1563197.0604347826;1524831.0602897427;23
PREVENT SENIOR CORPORATE OPERADORA DE SAÃDE LTDA.;SP;35178015.58;488583.5497222222;535819.9902284085;72
UNIODONTO SÃO CARLOS -  COOPERATIVA ODONTOLÃGICA;SP;34063842.79;973252.6511428572;1359954.507782038;35
CROWN ODONTOLOGIA DE GRUPO LTDA;SP;32889939.97;373749.31784090906;487203.6510887575;88
NOVODENTE S/A;RS;32817448.47;449554.088630137;699406.7239459689;73
ORALPLAN PLANOS DE SAUDE ODONTOLÃGICOS LTDA;AL;31071815.05;1827753.8264705883;1715513.0722263267;17
UNIODONTO DE VOTUPORANGA COOPERATIVA ODONTOLOGICA;SP;30109476.33;1115165.79;1369294.99318206;27
UNIODONTO DE CATANDUVA COOPERATIVA ODONTOLÃGICA;SP;29451688.25;1132757.2403846155;1348681.8275423232;26
UNIODONTO ATHENAS PAULISTA - COOPERATIVA ODONTOLÃGICA;SP;28936526.38;803792.3994444445;1112482.2908380504;36
ALMA ODONTO OPERADORA DE PLANOS ODONTOLOGICOS LTDA;SP;28928105.95;672746.65;322476.1060552871;43
ODONTO JARAGUÃ LTDA;SC;27591342.89;1532852.3827777777;1413778.0089429268;18
SOCIEDADE DE ASSISTÃNCIA ODONTOLOGICA DE GRUPO/RN - DENTAL MED CENTER/RN;RN;27554662.060000002;1377733.1030000001;1398456.246100141;20
DENTIÃÃO CONVÃNIOS ODONTOLÃGICOS LTDA;SC;27543405.599999998;1147641.9;1012289.2922149958;24
UNIODONTO DE PINDAMONHANGABA COOP ODONTOLOGICA;SP;27295441.439999998;1049824.6707692307;1024248.9619648803;26
CASA DE SAÃDE NOSSA SENHORA DE FÃTIMA  LTDA.;CE;26740741.59;290660.23467391304;382838.7337498806;92
UNIODONTO SUDESTE MINEIRO COOPERATIVA DE SAÃDE ODONTOLÃGICA LTDA;MG;25698639.55;1427702.1972222223;1065481.7981817299;18
UNIODONTO RESENDE - COOPERATIVA ODONTOLOGICA;RJ;25626334.0;1830452.4285714286;931128.5865282023;14
UNIODONTO SUDOESTE GOIANO - COOPERATIVA DE TRABALHO ODONTOLOGICO;GO;25330176.09;974237.541923077;1103003.3084038624;26
UNIODONTO BAHIA SUL - COOPERATIVA ODONTOLOGICA DE ILHEUS RESPONSABILIDADE LTDA;BA;25069918.64;1253495.932;1243815.4721661482;20
UNIODONTO DE LINS COOPERATIVA ODONTOLOGICA;SP;23944453.55;920940.5211538462;1084047.3472199682;26
PLANO SIGMA SAÃDE LTDA;SP;23828145.490000002;441261.95351851854;470619.8145612949;54
W. DENTAL PLANOS ODONTOLÃGICOS S.A;ES;22552517.41;777673.014137931;1030411.9690273836;29
UNIODONTO PASSOS - COOPERATIVA ODONTOLÃGICA;MG;22293395.3;1857782.9416666667;776234.9932176002;12
ALL CARE ADMINISTRADORA DE BENEFÃCIOS SÃO PAULO LTDA;SP;21286565.3;532164.1325000001;280660.15516572754;40
UNIODONTO METROPOLITANA COOPERATIVA ODONTOLÃGICA.;RJ;20854398.0;744799.9285714285;854446.0121748584;28
PLENODONTO ASSISTÃNCIA ODONTOLÃGICA LTDA.;SP;20585735.950000003;2058573.5950000002;153245.4458708718;10
UNIODONTO SÃO JOSÃ DO RIO PRETO - COOPERATIVA ODONTOLÃGICA;SP;20302510.39;615227.5875757576;807076.946576861;33
UNIODONTO COOP ODONT VALE TAQUARI E RIO PARDO LTDA;RS;20138961.3;1184644.782352941;955517.0095858028;17
UNIODONTO DE LIMEIRA COOPERATIVA ODONTOLÃGICA;SP;19554265.04;814761.0433333333;716812.2517746891;24
UNIODONTO TAUBATÃ COOPERATIVA DE TRABALHO ODONTOLOGICO;SP;19475147.23;608598.3509375;672280.9025633491;32
UNIODONTO DE RIO CLARO COOPERATIVA ODONTOLOGICA;SP;19367498.8;645583.2933333333;778529.0888536889;30
COOPERATIVA ODONTOLÃGICA REGIÃO SUL DA BAHIA - UNIODONTO;BA;18844189.84;942209.492;935910.5265115636;20
COOPERATIVA ODONTOLÃGICA DE GARANHUNS E AGRESTE MERIDIONAL.;PE;17787770.62;988209.478888889;908316.6366816447;18
UNIMED ALTO PARANAIBA COOPERATIVA DE TRABALHO MEDICO;MG;16947222.18;120193.06510638297;163934.0309236966;141
SISTEMA PREVSAUDE DENTAL LTDA;CE;16912583.4;338251.66799999995;508997.2330156739;50
UNIODONTO DE SAO JOSE DO RIO PARDO - COOPERATIVA ODONTOLÃGICA;SP;16501533.45;825076.6725;807019.449336593;20
SUL DO PARÃ LTDA;PA;15470767.69;429743.5469444444;572168.5449753943;36
IDENTAL ASSISTÃNCIA ODONTOLÃGICA LTDA - ME;BA;15315421.92;765771.096;734779.4019499396;20
INTEGRAL SERVIÃOS ODONTOLÃGICOS LTDA.;SP;15159196.45;1515919.645;851482.1402041678;10
DENTAL-MED ASSISTENCIA ODONTOLOGICA S/S LTDA;PR;15082129.88;520073.44413793104;565625.3494848566;29
BEMSTAR ASSISTENCIA MEDICA LTDA;BA;14812880.22;269325.0949090909;317790.65435074666;55
COOPERATIVA EVIDENTE - COOPERATIVA DE TRABALHO ODONTOLÃGICA DE BOTUCATU;SP;13633386.3;1136115.5250000001;338286.08994802303;12
UNIODONTO DE AVARE COOPERATIVA ODONTOLÃGICA;SP;13248416.75;552017.3645833334;588189.8120793697;24
ASSISTÃNCIA ODONTOLÃGICA ESPECIALIZADA LTDA;MA;13204289.540000001;550178.7308333333;622457.1741791212;24
UNIODONTO DOURADOS - COOPERATIVA ODONTOLÃGICA;MS;13039429.1;1086619.0916666666;437135.05944834294;12
QV BENEFÃCIOS EM SAÃDE LTDA;RJ;12811225.07;228771.87625;222764.67487208467;56
UNIODONTO ARAPIRACA COOPERATIVA DE TRABALHO ODONTOLÃGICO LTDA;AL;12414458.63;775903.664375;589099.9839024273;16
PORTOMED - PORTO SEGURO SERVIÃOS DE SAUDE LTDA;SP;12383266.68;72416.76421052631;135793.00003524128;171
G & M ASSESSORIA MEDICA EMPRESARIAL LTDA;RJ;12152173.95;81014.493;137233.58253096257;150
INTERCLINICAS PLANO VIDA USA OPERADORA DE SAUDE LTDA;SP;12112905.76;168234.8022222222;168823.23492690836;72
ARM PLANOS ODONTOLÃGICOS LTDA.;SP;12100796.31;526121.5786956522;548564.0738554936;23
ON MED ASSISTÃNCIA MÃDICA LTDA;RS;11992159.81;136274.54329545455;166188.72963602806;88
MULTI - BUCAL ODONTOLOGIA LTDA - LTDA;SP;11966429.9;997202.4916666667;359160.2696840397;12
VIDAPLAN SAÃDE LTDA. ;ES;11819955.2;164166.04444444444;223226.8692921566;72
ATEMDE ODONTO SAÃDE CLUBE DE BENEFÃCIOS;BA;11812404.41;536927.4731818181;573057.3890058529;22
BRASIL ODONTO OPERADORA DE PLANOS ODONTOLÃGICOS LTDA;TO;11684385.01;299599.61564102565;265835.20228580735;39
CAIXA SEGURADORA ESPECIALIZADA EM SAÃDE S/A;SP;11663314.61;188117.97758064515;301357.45178144303;62
UNIODONTO DE CAMPO GRANDE SIST. NAC. COOP. ODONT.;MS;11257363.86;562868.193;872662.724885623;20
SOPREVI SERVIÃO ODONTOLÃGICO PREVENTIVO INTEGRADO LTDA;RS;11257096.29;625394.2383333333;502172.59213844035;18
ORAL BLUE LTDA;PA;10765792.31;448574.6795833334;495182.56365948496;24
IBBCA 2008 GESTÃO EM SAÃDE LTDA;RJ;10738800.14;268470.0035;174056.55364928918;40
UNIODONTO COOPERATIVA ODONTOLÃGICA DO SERIDÃ LTDA;RN;10625138.04;758938.4314285713;495672.3965618127;14
DELFHI PLANOS ODONTOLÃGICOS LTDA;RN;10564080.85;1056408.085;49167.562131484236;10
ODONTOREAL LTDA.;PE;10144440.7;461110.94090909086;454344.35024146247;22
ORION PLANOS E SERVIÃOS ODONTOLÃGICOS LTDA;SP;9829571.29;702112.235;263054.90622511157;14
FR PLANO ODONTOLÃGICO LTDA;SP;9823892.53;893081.139090909;509543.5454493378;11
ODONTO PRIME S/S LTDA;CE;9796733.55;979673.3550000001;276988.81759590993;10
UNIODONTO FRONTEIRA OESTE/RS COOPERATIVA ODONTOLÃGICA LTDA.;RS;9669629.35;644641.9566666667;384743.06492022664;15
SITO - SISTEMA INTEGRADO DE TRATAMENTO ODONTOLÃGICO LTDA;SP;9590598.95;959059.8949999999;513904.45684228826;10
ODONTOBASE PLANOS DE SAUDE LTDA.;SP;9428034.78;362616.7223076923;414523.20487174904;26
UNIDENTAL- COOPERATIVA UNIÃO DOS DENTISTAS DO ESTADO DO CEARÃ;CE;9375803.040000001;669700.2171428573;376416.1164894845;14
IDEAL ODONTO ASSISTÃNCIA ODONTOLÃGICA LTDA.;SP;9356365.95;425289.36136363633;415274.22585302056;22
DONA SAÃDE CLINICAS LTDA ;SP;9343237.8;112569.13012048193;135903.2955393917;83
UNIODONTO DE CACAPAVA COOPERATIVA ODONTOLOGICA;SP;9184421.36;278315.79878787877;290330.979996319;33
ASSOC DE ASSIST Ã SAÃDE DOS SERV DAS UNIV E INST FED, EST E/OU FAC PART EM PE;PE;8836294.09;157790.96589285714;236822.06843957363;56
DENTALMASTER LTDA;MG;8810300.25;518252.95588235295;492668.7482865064;17
ODONTOMAXI OPERADORA DE PLANOS ODONTOLÃGICOS LTDA;SP;8608972.11;614926.5792857142;300926.831255108;14
POLIMÃDICA SAÃDE SOCIEDADE SIMPLES LTDA;RS;8527000.3;113693.33733333334;114831.6452162445;75
UNIODONTO DE TAQUARITINGA COOPERATIVA ODONTOLÃGICA;SP;8172992.58;314345.86846153846;329279.63876857056;26
UNIODONTO PIRASSUNUNGA - COOPERATIVA ODONTOLÃGICA;SP;8086993.550000001;673916.1291666668;302335.7052820464;12
UNIODONTO DE RIO BRANCO ACRE COOPERATIVA ODONTOLÃGICA LTDA.;AC;7935072.05;396753.6025;347115.7127489422;20
LIVRI OPERADORA DE PLANO DE SAÃDE LTDA;SP;7811923.16;82230.77010526316;103186.2492200986;95
UNIODONTO RIO GRANDE-LITORAL COOPERATIVA ODONTOLOGICA LTDA;RS;7682896.3;295496.01153846155;273911.3596872467;26
UNIODONTO DE CAMPOS - COOPERATIVA ODONTOLOGICA;RJ;7476125.55;467257.846875;321945.8528716015;16
SOCIEDADE BENECAP DE ASSISTÃNCIA Ã SAÃDE;DF;7442716.5;190838.88461538462;221102.48458369204;39
DENTALMASTER COMÃRCIO DE PLANOS ODONTOLÃGICOS LTDA;CE;6996809.75;499772.125;333816.894653767;14
BENEVIX ADMINISTRADORA DE BENEFÃCIOS LTDA;ES;6960718.44;161877.17302325583;196157.7923445012;43
UNIODONTO DE RECIFE - COOPERATIVA ODONTOLÃGICA;PE;6466798.949999999;538899.9125;236470.3262049924;12
SISTEMA 1 SERVIÃOS DE ASSISTÃNCIA Ã SAÃDE SUPLEMENTAR;PR;6356734.35;488979.5653846153;241770.12751965955;13
INSTITUTO DE SAÃDE ODONTOLÃGICA - ISODONT LTDA;RJ;5862565.15;390837.6766666667;284994.6584543123;15
MAIS DENTAL PLANOS ODONTOLOGICOS LTDA;RJ;5566370.909999999;795195.8442857142;420982.9712263232;7
DENTALPLAN PLANOS DE ASSISTENCIA ODONTOLOGICA LTDA;PE;5060075.5;253003.775;228938.5073080046;20
UNIFICAÃÃO DOS DENTISTAS DE ITUVERAVA LTDA;SP;4966878.3;413906.52499999997;125447.96312425232;12
UNIVERSAL PLANO ODONTOLOGICO LTDA;SP;4788153.43;266008.5238888889;244236.4413013983;18
UNIODONTO MOSSORÃ - COOPERATIVA DOS CIRURGIÃES DENTISTAS DE MOSSORÃ E REGIÃO OESTE;RN;4736439.73;296027.483125;227177.77226807404;16
PD BRASIL ASSISTENCIA ODONTOLOGICA LTDA;MG;4703330.65;361794.6653846154;339433.70781812345;13
ORAL SAÃDE DE IBITINGA SERVIÃOS ODONTOLÃGICOS S/S LTDA;SP;4448051.5;317717.96428571426;169834.63249078632;14
PROVER ODONTOLOGIA LTDA;MS;4439283.04;246626.83555555556;215044.70118767882;18
ORION ODONTOLOGIA LTDA;SP;4374547.95;437454.79500000004;14008.6739455725;10
UNIODONTO DE RONDONIA COOPERATIVA LTDA.;RO;4354565.35;59651.5801369863;76354.50327636459;73
UNIODONTO DE FERNANDOPOLIS COOPERATIVA ODONTOLOGICA;SP;4327892.35;139609.43064516128;175136.25565954988;31
SISTEMA INTEGRADO DE SAUDE ORAL LTDA-EPP;BA;4263010.75;213150.5375;222153.17584538783;20
SISDENTE - SISTEMA INTEGRADO DE SAÃDE DENTAL LTDA.;MG;4051668.3;405166.82999999996;25050.41466297072;10
TOP DOCTOR'S ODONTOLOGIA LTDA;SP;4001533.1;307810.23846153845;175372.17129731222;13
SERVIX ADMINISTRADORA DE BENEFÃCIOS LTDA;DF;3941362.8000000003;123167.58750000001;145172.55755796315;32
PLURAL GESTÃO EM PLANOS DE SAÃDE LTDA;RJ;3896741.67;97418.54175;73285.92698393199;40
UNIMED DO BRASIL - CONF. NACIONAL DAS COOPERATIVAS MÃDICAS;SP;3805291.88;111920.3494117647;104802.273542656;34
SUPERMED ADMINISTRADORA DE BENEFÃCIOS LTDA.;RJ;3752825.3;93820.63249999999;66518.9701968628;40
ODONTO LIFE ASSISTÃNCIA ODONTOLÃGICA S/A.;PR;3745032.33;149801.29320000001;293342.2034291544;25
ODONTOMAIS SERVIÃOS ODONTOLÃGICOS LTDA - ME;RN;3441027.45;344102.745;38663.26631381992;10
CEORP - CENTRO ODONTOLOGICO LTDA;SP;3413657.4999999995;213353.59374999997;249512.76566322992;16
COOP-ODONTOCLASSIC - COOPERATIVA DE TRABALHO ODONTOLÃGICO;SP;3364273.0;280356.0833333333;86328.45823088882;12
CLÃNICA SÃO GABRIEL S/S LTDA;SP;3270755.84;32707.558399999998;39840.2485482672;100
DENTAL WHITE PLANO DE ASSISTÃNCIA ODONTOLÃGICA LTDA;AL;3186472.5500000003;159323.6275;162037.71818987367;20
UNIODONTO DE ARAÃATUBA COOPERATIVA ODONTOLOGICA;SP;3165016.85;158250.8425;130813.71330747136;20
UNIODONTO PONTA GROSSA COOPERATIVA ODONTOLÃGICA;PR;3062576.05;510429.3416666666;231495.40559717812;6
UNIODONTO DE SALVADOR - COOPERATIVA DE TRABALHO ODONTOLÃGICO LTDA.;BA;2955250.21;155539.4847368421;150517.3724939692;19
UNIODONTO PAULO AFONSO COOPERATIVA DE TRABALHO ODONTOLÃGICO LTDA.;BA;2916355.1;243029.59166666667;98904.05315348376;12
DENTAL CARE CLINICA ODONTOLOGICA LTDA;SP;2910806.8;242567.2333333333;97458.09749682814;12
UNIODONTO DE TRÃS RIOS - COOPERATIVA DE TRABALHO ODONTOLÃGICA;RJ;2727070.8;129860.51428571428;124718.81523435481;21
OPERADORA DE PLANOS ODONTOLOGICOS ULTRAODONTO LTDA;BA;2702140.35;270214.03500000003;9171.221858632027;10
PLENUM ASSISTENCIA MEDICA  LTDA;DF;2617772.21;163610.763125;145378.65949454546;16
DENTAL CARE ASSISTÃNCIA ODONTOLÃGICA LTDA;AL;2560046.65;116365.75681818182;119381.74264136724;22
VALEM ADMINISTRADORA DE BENEFÃCIOS LTDA;MG;2444650.12;76395.31625;63237.524851581584;32
CORPORE ADMINISTRADORA DE BENEFICIOS DA SAUDE LTDA;SP;2425792.8;60644.81999999999;37548.36767640536;40
BIORAL SISTEMA ODONTOLÃGICO LTDA.;SP;2371078.79;28915.595;38983.02551182689;82
PLATINUM ADMINISTRADORA DE BENEFICIOS;DF;2349150.75;48940.640625;34858.39729735882;48
BEM MAIS ODONTO OPERADORA ODONTOLÃGICA LTDA.;SP;2312435.85;231243.58500000002;67418.99549768864;10
UNIODONTO DE MONTE ALTO COOPERATIVA ODONTOLOGICA;SP;2292369.25;191030.77083333334;85824.0739496251;12
NACIONAL SAUDE ADMINISTRADORA DE BENEFICIOS LTDA;RJ;2288852.03;76295.06766666665;113484.25021784953;30
MATTOS ODONTOLOGIA LTDA;SP;2276380.4;151758.69333333333;155626.1400260193;15
PS ASSISTENCIA LTDA;ES;2115351.35;211535.135;93788.0272403219;10
QUALICORP CLUBE DE SAÃDE ADMINISTRADORA DE BENEFÃCIOS LTDA.;SP;2052424.78;64138.274375;120825.10324100172;32
WM ADMINISTRAÃÃO DE PLANOS ODONTOLÃGICOS LTDA.;SC;2042699.23;127668.701875;89654.81987470013;16
INFINITY SAÃDE SUPLEMENTAR LTDA;MT;2036962.5599999998;33949.376;60780.65317754168;60
ODONTOCOOP - OPERADORA DE PLANOS DE SAÃDE LTDA;AL;2016923.8;134461.58666666667;98030.3040389149;15
SALUSMED OPERADORA DE PLANOS DE SAUDE LTDA;SP;1950312.65;81263.02708333333;83521.23592292533;24
ALLCARE ADMINISTRADORA DE BENEFÃCIOS EM SAÃDE LTDA.;DF;1796015.3;51314.72285714286;81961.71969654174;35
TOPDONTO OPERADORA DE PLANO ODONTOLÃGICO LTDA;BA;1795286.95;149607.24583333332;155416.62298977244;12
COOPERATIVA DE SAÃDE ODONTOLÃGICA - UNIODONTO RORAIMA;RR;1705072.89;53283.5278125;73275.36540763489;32
ÃPICE ODONTO ASSISTÃNCIA ODONTOLÃGICA LTDA;SP;1577120.78;71687.30818181818;71122.81484097012;22
COOPERATIVA DOS CIRURGIÃES DENTISTAS DO ESTADO DE SERGIPE;SE;1558719.85;155871.98500000002;26542.34036979879;10
UNIODONTO DE FEIRA DE SANTANA - COOPERATIVA DE TRABALHO ODONTOLÃGICO DE FEIRA DE SANTANA RESP LIMITADA;BA;1533815.75;153381.575;25412.985608097322;10
CRZ PLANO ODONTOLÃGICO LTDA;SC;1530304.48;69559.29454545454;76104.94138778474;22
CDA - ASSISTÃNCIA ODONTOLÃGICA LTDA - EPP;SP;1470951.35;147095.135;97439.5303363694;10
TECBEN ADMINISTRADORA DE BENEFICIOS LTDA.;SP;1464790.51;32550.900222222223;43710.579144784555;45
ODONTO MAIS SAUDE EMPREENDIMENTOS LTDA.;MG;1460497.85;121708.15416666667;57315.269352309515;12
EXTRAMED ADMINISTRAÃÃO E SERVIÃOS MÃDICOS LTDA;PR;1445875.04;45183.595;31278.184617673458;32
UNIBEN ADMINISTRADORA DE BENEFÃCIOS LTDA;MG;1406957.88;87934.8675;15511.661392026112;16
UNIMED FEDERAÃAO DO ESTADO DO MATO GROSSO;MT;1387758.5;92517.23333333334;88778.71427429684;15
UNIMED PARAIBA - FEDERAÃAO DAS SOCIEDADES COOPERATIVAS DE TRABALHO MEDICO;PB;1373213.98;21797.047301587303;27536.438423773245;63
PROPULSÃO PLANOS ODONTOLÃGICOS LTDA;PR;1345948.75;112162.39583333333;51219.64760372038;12
VOCÃ CLUBE DE BENEFÃCIOS SOCIAIS, SAÃDE E ODONTOLÃGICO LTDA;SP;1302864.97;38319.55794117647;39918.1665248691;34
ODONTO MAIS BRASIL OPERADORA DE PLANOS ODONTOLOGICO LTDA;AM;1195995.48;99666.29;105263.33728957525;12
VALE PLANOS DE SAÃDE LTDA;PE;1194311.55;66350.64166666666;95130.50676231402;18
UNICONSULT - ADMINISTRADORA DE BENEFICIOS E SERVICOS LTDA;SP;1172653.8800000001;28601.314146341465;29192.228940438155;41
SOCIODONTO PLANO DE ASSISTÃNCIA ODONTOLÃGICA LTDA;MG;1107189.0;73812.6;7826.9855879149645;15
MEDIATORIE ADMINISTRADORA DE BENEFÃCIOS S/A;ES;1089600.02;32047.059411764705;22212.617696949404;34
ODONTO PLUS CONVENIO ODONTOLOGICO SOCIEDADE SIMPLES LTDA;RS;1088290.5;108829.05;2820.129758263702;10
UNIODONTO DE JALES - COOPERATIVA ODONTOLÃGICA;SP;1054706.5;52735.325;44439.226486166655;20
COOPERATIVA DE ASSISTÃNCIA ODONTOLÃGICA VALE DO CAÃ LTDA - DENTSUL;RS;1044162.63;58009.035;39021.109395649706;18
2B ODONTOLOGIA OPERADORA DE PLANOS ODONTOLÃGICOS LTDA;SP;1042384.25;104238.425;47627.27992876941;10
ORAL GAM ASSISTENCIA ODONTOLÃGICA LTDA;SP;1035443.55;103544.35500000001;20306.41315135101;10
ODONTOCLINICA RCC LTDA. S/S;RS;933257.25;103695.25;96950.92681509678;9
UNIODONTO DE ARACAJU COOP DE TRABALHO ODONTOLOGICO;SE;927925.28;42178.42181818182;34071.239421311206;22
COOPERCISO - CENTRO INTEGRADO DE SERVIÃO ODONTOLÃGICO S/S LTDA.;MG;912427.1;76035.59166666666;26463.6190128224;12
UNIODONTO - COOPERATIVA ODONTOLOGICA DE CARUARU E REGIÃO AGRESTE DO ESTADO DE PERNAMBUCO;PE;850528.2000000001;170105.64;0.0;5
ODONTO ALEGRE CLINICAS E PLANOS ODONTOLOGICOS LTDA;RS;844375.46;42218.773;39227.25355580736;20
ROPE ODONTOLOGIA ESPECIALIZADA S/S LTDA.;SP;770160.15;77016.015;4342.950917831621;10
UP HEALTH ADMINISTRADORA DE BENEFÃCIOS S/A;ES;745530.7;16567.34888888889;17432.29302738145;45
BLUZZ SAÃDE S/A;ES;742117.52;53008.39428571429;61798.237587834505;14
PREVINA ODONTOLOGIA LTDA;SP;723258.45;144651.69;0.0;5
PREST ODONTO LTDA;SP;707132.0;70713.2;20577.34128988593;10
DIXMED ADMINISTRADORA DE BENEFICIOS LTDA ;RJ;699579.77;77731.08555555556;72486.28719543289;9
VIDAMAX ADMINISTRADORA DE BENEFÃCIOS LTDA;SP;695395.1900000001;49671.08500000001;88537.67526742489;14
USODONTO PLANOS DE SAÃDE LTDA;AM;652020.63;20375.6446875;24688.99137565736;32
PARRA ODONTOLOGIA LTDA;SP;615250.25;61525.025;11529.321768894062;10
OMEGA ODONTO OPERADORA DE PLANOS ODONTOLOGICOS LTDA.;SP;572138.5;114427.7;0.0;5
INTERBRASIL ADMINISTRADORA DE BENEFICIOS  DE SAUDE LTDA;SP;567588.77;37839.25133333333;48210.397046459635;15
INSTITUTO DE ODONTOLOGIA DO MARANHÃO LTDA.;MA;542406.06;24654.82090909091;12221.7746144934;22
MB PLANOS DE SAÃDE LTDA;BA;529128.5499999999;52912.854999999996;54548.251356739456;10
HEBROM ADMINISTRADORA DE BENEFICIOS LTDA. - ME;SP;476574.44;19857.268333333333;12385.454554220014;24
ADMSERV BENEFÃCIOS E SERVIÃOS LTDA;SP;420457.32;21022.866;9512.589043656777;20
CENTRO ODONTOLOGICO INTEGRADO LTDA;DF;419947.88;83989.576;39074.514227288615;5
PLENA ADMINISTRADORA DE BENEFÃCIOS LTDA - ME;ES;395901.32;16495.888333333332;13265.844378760545;24
CROE - CENTRO DE REABILITACAO ORAL ESPECIALIZADO LTDA;MG;375663.07999999996;26833.07714285714;16139.050895858123;14
SANTOS VIP ASSISTÃNCIA ODONTOLÃGICA LTDA;AM;368022.55;33456.59545454545;9907.962773175288;11
MED CORP SAÃDE CORPORATIVA LTDA - EPP;RJ;328833.3;13153.332;8190.538484290375;25
VITTA SAUDE ADMINISTRADORA DE BENEFICIOS LTDA.;SP;296591.7;8987.627272727274;10506.767051940047;33
NEWKLIN ODONTOCLÃNICA LTDA. ME.;GO;254250.0;25425.0;1027.7402395547228;10
CLINICA ODONTOLOGICA ODONTOPLAN LTDA;RS;251493.69999999998;16766.246666666666;12578.202468776046;15
MACIEL & MACIEL ASSISTÃNCIA ODONTOLÃGICA LTDA;SP;232318.97;11615.9485;13340.92519293537;20
GOLD PLAN EMPREENDIMENTOS LTDA;MG;232060.6;46412.12;0.0;5
SF SAÃDE ODONTOMAIS ASSISTÃNCIA ODONTOLÃGICA LTDA;PE;232043.15;25782.57222222222;23818.944685159633;9
CTESK ADMINISTRADORA DE BENEFIÃCIOS LTDA;DF;204088.2;9718.485714285714;5948.089756214655;21
SOLIMEO ASSISTÃNCIA ODONTOLÃGICA LTDA.;SP;194779.69999999998;19477.969999999998;3910.6517502982942;10
CONSTRUDENTE ASSISTENCIA ODONTOLOGICA LTDA;SP;182119.75;18211.975;10909.49426564999;10
MASTER HEALTH ADMINISTRADORA DE BENEFÃCIOS LTDA;RJ;180283.2;9014.16;0.0;20
VALLOR ADMINISTRADORA DE BENEFÃCIOS LTDA;MG;174980.99;5302.454242424242;5068.934979608654;33
ASSISTE ADMINISTRADORA DE BENEFÃCIOS LTDA;BA;159001.63999999998;6115.447692307692;2923.923626938717;26
CLUBE SILVER ADMINISTRADORA DE PLANOS DE SAUDE LTDA;RJ;156289.5;31257.9;0.0;5
CORPLIFE ADMINISTRADORA DE BENEFÃCIOS LTDA ;PR;154892.5;6453.854166666667;5650.299609745923;24
BCI ADMINISTRADORA DE BENEFÃCIOS LTDA.;SP;139607.2;4653.573333333334;3283.4573285227702;30
SERVIÃO DE ASSISTÃNCIA ODONTOLÃGICA SOCIAL LTDA.;SP;112878.75;11287.875;1553.4320073183483;10
MAPMA ADMINISTRADORA DE BENEFÃCIOS LTDA.;RJ;105879.83;17646.638333333332;6988.684447214416;6
EV ADMINISTRADORA DE BENEFÃCIOS LTDA;AP;105826.86;9620.623636363636;18081.090735391088;11
SAFE LIFE ADMINISTRADORA DE BENEFÃCIOS LTDA;SP;103122.28;10312.228;6569.711950033866;10
ALTER ADMINISTRADORA DE BENEFICIOS S.A.;SP;100199.19;7707.63;5800.513444908707;13
RIBERDENTE SERVIÃOS ODONTOLÃGICOS S/S LTDA;SP;87933.08;7327.756666666667;3265.7598903369085;12
OPERADORA DE PLANOS ODONTOLÃGICOS ODONTOCLÃNICA LTDA;RN;79531.7;7953.17;5813.28901300957;10
QUALITY GOLD SAÃDE ADMINISTRADORA DE PLANOS DE SAÃDE LTDA-ME;RJ;52861.33;1762.0443333333335;1265.6634143205454;30
ESPLENDOR ADMINISTRADORA DE BENEFÃCIOS LTDA.;DF;52577.6;3092.7999999999997;655.3168393990803;17
P4H GESTAO DE BENEFICIOS LTDA;SC;49171.28;3782.4061538461538;2484.694094228162;13
PENTÃGONO ADMINISTRADORA DE BENEFÃCIOS S/A;PR;43077.600000000006;2871.8400000000006;0.0;15
DENTSY ODONTOLOGIA S/S LTDA.;SP;40375.0;4037.5;155.47865162494534;10
EVO SAUDE ASSISTENCIA MEDICA LTDA;DF;40362.31;3363.525833333333;223.62836364494365;12
AVANT ADMINISTRADORA DE BENEFICIOS LTDA;RJ;36368.5;7273.7;0.0;5
LIKE DENTAL PLANOS ODONTOLÃGICOS SS LTDA;PR;32550.0;6510.0;0.0;5
MAIS VOCE ADMINISTRADORA DE BENEFICIOS LTDA;SP;24114.8;2411.48;0.0;10
SOLUTIONS ADMINISTRADORA DE BENEFICIOS LTDA;RJ;23349.15;4669.83;0.0;5
NEXO - ADMINISTRADORA DE BENEFICIOS LTDA;SP;22100.8;2762.6;0.0;8
XIPP INTEGRADORA E ADMINISTRADORA DE BENEFICIOS LTDA;SP;21785.28;1815.4399999999998;0.0;12
BENEVITAE ADMINISTRADORA DE BENEFÃCIOS LTDA;RO;13920.0;696.0;0.0;20
UNITY ADMINISTRADORA DE BENEFÃCIOS LTDA;ES;11867.24;1483.405;1274.2000421665127;8
SOLIDUS ADMINISTRADORA DE BENEFICIOS E SOLUCOES EM SAUDE LTDA;BA;8144.96;1018.12;728.9603825409758;8
TOTAL SAUDE  ADMINISTRADORA DE BENEFICIOS EIRELI;ES;5649.92;353.12;0.0;16
ABPLUS ADMINISTRADORA DE BENEFÃCIOS LTDA.;RJ;4745.2;237.26;0.0;20
SAGRADA SAÃDE ASSISTÃNCIA MÃDICA LTDA;MG;4642.05;663.15;0.0;7
SORRISO STUDIO PLANO DE SAUDE LTDA;SP;3675.0;735.0;0.0;5
EASYPLAN ADMINISTRADORA DE BENEFICIOS LTDA.;DF;2682.2;670.55;0.0;4
CENTRAL OPERADORA DE PLANOS DE SAÃDE NORTE-NORDESTE LTDA;PB;38.19;2.01;0.0;19
PLAMEDH PLANOS DE SAÃDE LTDA;MG;10.0;2.0;0.0;5
FOX SAÃDE ASSISTÃNCIA MÃDICA INTEGRADA LTDA;PE;10.0;2.0;0.0;5
PLAMEDH - PLANO DE ASSISTÃNCIA MÃDICO-HOSPITALAR LTDA;MG;5.0;1.0;0.0;5
